YIL140W,10.0007,(10.0007086114)
YLR039C,16.4246,(16.4246196139)
YBR057C,16.5197,(13.0936563384,17.7630492842,18.7023304056)
YNL097C,13.2795,(13.2794751564)
YDR513W,21.2780,(24.8145965382,20.4365421831,18.5827440126)
YER063W,10.4857,(10.4857338278)
YBR090C,12.8667,(12.8666713228)
YBR255W,18.6035,(18.6034512018)
YBR027C,15.2139,(15.2138522125)
YBR128C,17.7447,(17.744690672)
YMR205C,13.3944,(11.9830524186,15.4991695028,16.2453090675,10.0062740276,10.6340400518,15.9987854113)
YMR171C,26.8146,(26.8146233106)
YER164W,14.0353,(15.4352224154,12.3160281612,10.5643736951,14.9155881469,14.0586886995,16.9219268414)
YJL149W,14.3011,(14.301083409)
YGR131W,20.6868,(20.6867895223)
YFL053W,11.4057,(9.9113414306,14.1602205385,10.1455827839)
YER108C,15.9427,(15.9427019173)
YDL046W,9.9008,(9.90079473463)
YJL212C,9.7859,(9.38819829059,10.0637796607,7.83935352852,8.42214202484,11.1509911029,11.8510301936)
YFL041W,8.9948,(8.99484177715)
YDR492W,15.7518,(15.7518308659)
YOR008C,12.4380,(12.4380096421)
YHR067W,14.9919,(17.5980817245,19.1611534314,8.2163989985)
YDR461W,7.5384,(7.5383580593)
YER092W,13.2206,(13.3409575291,11.4565390992,14.8643553221)
YLR348C,23.6399,(23.6398746706)
YBR121C,10.8727,(10.8726606452)
YML047C,13.5078,(13.5077785547)
YKR007W,19.6778,(19.6777580672)
YOR382W,14.6024,(14.6024440481)
YER149C,18.2233,(11.173747327,21.86103838,21.6350785719)
YDL020C,16.9830,(17.6060464635,13.3057413192,19.2508216346,12.7794714668,18.2663952294,20.6898168376)
YOR309C,13.4434,(13.4433509145)
YFL051C,7.7860,(7.78600043191)
YLR014C,14.1815,(14.1815341696)
YDR120C,12.9509,(12.9508990915)
YBL090W,6.9094,(6.90935177153)
YDR486C,16.2506,(16.2506175809)
YDR083W,10.7065,(9.05937486042,11.3741611,11.6858188599)
YJL192C,13.4547,(13.4547438145)
YJL215C,15.3252,(15.3251769795)
YEL056W,7.8416,(7.84158529001)
YNL129W,7.6132,(7.61318631236)
YNL072W,14.7241,(14.7241145495)
YOR300W,6.5090,(6.50903270857)
YPL274W,7.2362,(7.23615882092)
YPR135W,19.4113,(20.8368261566,17.1495476111,12.9461169688,29.469286482,17.8600274917,18.2060200736)
YBR026C,18.8987,(8.3118556051,24.4868758924,23.8972752467)
YLR261C,18.8377,(18.8376885649)
YGL212W,22.3985,(22.3985156037)
YEL010W,8.3337,(8.33366570915)
YMR286W,9.3425,(9.34248785567)
YCL075W,9.0339,(9.03385758107)
YPL178W,19.1391,(19.1390902119)
YGR079W,13.3255,(13.3255206651)
YDR004W,21.2706,(9.20295247801,32.1763930218,29.2848518481,14.9849693391,11.2256476899,30.7486823761)
YHR009C,27.8486,(27.8485609239)
YAL026C,12.1313,(12.1312565639)
YFL007W,17.6807,(17.6806918336)
YFR011C,12.5257,(12.5257102916)
YOR284W,18.4891,(18.4890771246)
YCL040W,33.5704,(33.5703705899)
YPR100W,5.7733,(5.77331979289)
YJL206C,15.4499,(15.4498801119)
YCL023C,12.0258,(12.0258117321)
YDR540C,12.4452,(12.4451569331)
YOL129W,22.6199,(22.6198584548)
YMR072W,5.5130,(5.51297489592)
YOL116W,20.4014,(19.1339181311,18.9937708439,23.076462459)
YBR012C,10.1581,(10.158099674)
YNL249C,10.5140,(10.5140138886)
YMR090W,11.6193,(11.6193436281)
YHR191C,18.4991,(18.2048518177,13.3109276921,23.9815608662)
YJR049C,9.9585,(9.958480808)
YJL053W,15.7482,(10.3594184314,19.0358517161,23.6946155316,11.1849214053,15.3125357329,14.9020563481)
YKL120W,7.6323,(7.63227486531)
YJR118C,17.0762,(17.0761850472)
YKR019C,15.4764,(15.4764269105)
YPL174C,8.5564,(10.143387451,7.50095110457,8.02473877207)
YJL138C,16.8230,(16.8229966042)
YHR066W,16.8733,(18.3591094277,9.87161107541,22.389144563)
YML028W,9.4545,(11.4717515754,7.6770202253,9.21458983467)
YLL001W,7.4634,(7.46335430803)
YCR073C,7.4793,(7.47925919354)
YPL236C,10.3692,(10.3691969514)
YLL015W,22.9134,(22.9134290869)
YMR202W,13.3613,(13.3613120605)
YBR164C,12.3733,(12.2999782673,14.062242647,10.7576364399)
YDL026W,9.3547,(9.35473155845)
YMR100W,16.4001,(16.6741236029,17.165266797,15.361053667)
YJR083C,24.0820,(24.0820091399)
YPL056C,10.8705,(10.8705317903)
YNL242W,9.5912,(9.59120087289)
YGL147C,15.0852,(15.0852408402)
YBL001C,6.1173,(6.11727722293)
YOL090W,10.9969,(10.9969446214)
YML035C,12.8179,(12.8179274239)
YMR084W,6.1791,(6.17913709004)
YDR019C,12.5191,(12.519050142)
YJR095W,12.6189,(12.6188745096)
YFL035C-B,8.3510,(8.3509708974)
YNR010W,15.1214,(10.1056777196,20.2640844179,14.9944814486)
YGR058W,23.9858,(23.9858020658)
YFL025C,9.2854,(9.2854237198)
YIR016W,18.8050,(18.8049613691)
YMR224C,25.5571,(34.8956108745,18.1145596737,23.6610709899)
YDL192W,14.8087,(14.2660549735,12.8155103471,18.2740701427,10.5964528748,15.3323112715,17.5678806194)
YBR082C,16.7824,(19.9850864652,15.9546989519,14.4074466107)
YCR101C,10.8333,(10.8333476667)
YJL126W,11.8285,(11.8284922875)
YER121W,10.0773,(10.0773435332)
YIL133C,8.7130,(8.71299958822)
YPL232W,12.6574,(12.6574056101)
YOL001W,28.2070,(27.2302504555,33.3458409095,24.0447777639)
YPL152W,13.2784,(13.2783646356)
YEL017W,5.6845,(5.6845391931)
YER128W,16.9120,(16.9120356515)
YEL007W,16.0260,(16.0259720609)
YNL067W,14.8095,(11.2981814955,13.9192039123,19.2110746657)
YDL078C,17.3555,(17.3555127751)
YKL015W,16.8040,(16.804029709)
YKL194C,4.5028,(4.50284357573)
YPL271W,8.0435,(8.04352980782)
YDR089W,16.6163,(16.616310497)
YDR129C,13.8991,(13.8991403105)
YMR021C,9.2681,(9.26805953169)
YKR035C,17.4175,(17.4174521325)
YDR378C,23.9375,(19.7259185917,22.0265695324,30.0601204753)
YLR346C,18.5896,(18.5896010533)
YBL086C,19.6944,(19.6944171422)
YPL214C,30.4260,(30.4259891191)
YGL084C,18.9512,(18.9512101396)
YGR019W,13.3943,(13.394286083)
YDL091C,7.8034,(7.80343308146)
YOL076W,10.4013,(10.4012947531)
YER145C,33.5178,(33.5177942901)
YJL168C,11.3965,(10.6317233426,10.8158092689,12.7418296337)
YNL080C,22.4763,(16.1526466633,25.8981177793,25.3780666772)
YDR435C,13.7502,(13.7502167476)
YER151C,40.9880,(42.9916172959,36.75784138,43.2145413686)
YNL325C,21.3888,(21.3888335559)
YPL241C,10.2716,(10.271636016)
YIL084C,14.8215,(12.9314773443,17.2074206702,14.3257116415)
YDL002C,9.9117,(13.1712876037,10.6613483305,5.90259760088)
YOR322C,7.4817,(7.4211322391,5.8369091802,9.1870348826)
YLR439W,4.9956,(4.9956352323)
YMR026C,11.3544,(11.3544047048)
YOR080W,22.4054,(22.4053562209)
YHL006C,19.8252,(19.825243829)
YHL010C,11.8279,(11.8279256475)
YBR296C,11.6307,(11.6307462959)
YNL021W,12.7379,(12.9060816926,15.3410561811,9.22923579561,11.0936997695,13.7066315348,14.1506782652)
YGR010W,16.4123,(16.4122538559)
YAL034C,11.4816,(11.4816395909)
YFR001W,12.9031,(12.9031477606)
YBR059C,18.1965,(18.1965014831)
YCR016W,13.4820,(13.4819738032)
YOL042W,22.1396,(22.1396376559)
YDR123C,32.6090,(32.6090435591)
YHR146W,11.9658,(11.9658000858)
YLR218C,11.3147,(11.2708037949,11.7001343215,10.9732259234)
YLR087C,16.6106,(20.6816293208,19.5939685571,9.55633443791)
YLR319C,12.8542,(13.1845806959,12.3024081666,13.075580714)
YGR081C,10.7219,(10.5911649499,11.6727591339,9.90169681097)
YMR154C,9.9682,(10.9529865602,7.53264901695,11.4190515094)
YMR155W,9.9021,(9.90212802603)
YBR016W,17.8494,(17.8494465908)
YBR036C,10.1305,(10.1305248923)
YNL130C,16.4676,(16.467627106)
YPR179C,14.8534,(18.3343018231,8.58330050057,17.6425006242)
YMR263W,12.2565,(12.8929546352,8.54300046599,15.333549831)
YDR274C,20.9950,(20.9949989066)
YLR384C,11.9110,(11.9982656236,12.9186404034,10.816158017)
YDL149W,8.0227,(8.02267163234)
YNL292W,15.8675,(15.8674706271)
YDL125C,10.4352,(10.435209567)
YLR342W,10.9427,(12.5459924793,8.41559353725,11.8665349885)
YJL131C,24.1825,(24.1824994267)
YCR028C,8.5694,(8.56939172485)
YBR270C,10.1661,(10.1661156827)
YMR316W,10.9567,(10.9567130529)
YPR070W,12.5825,(12.5825190651)
YIL038C,7.8189,(7.81887422505)
YML001W,16.3422,(19.0331360294,23.1624851712,14.1472066578,19.3703721436,12.6592141555,9.68075533637)
YDL181W,8.9359,(8.93590417852)
YIL124W,15.6350,(15.6350101809)
YML095C-A,11.6537,(11.6536835927)
YCR006C,35.4717,(35.4716916167)
YER007W,17.7984,(17.7984356761)
YGL114W,12.4733,(12.4732599594)
YER027C,22.4819,(22.4819298355)
YBR022W,17.3101,(17.3100517773)
YBR131W,26.7215,(19.5401191179,33.7454467403,26.8790840141)
YMR104C,7.5359,(7.53586284555)
YJL207C,13.1857,(13.185650823)
YDR296W,13.2232,(13.223243963)
YAL011W,10.3086,(9.38524091768,9.49252142562,12.0481290956)
YNL199C,16.8806,(16.8805858721)
YOR014W,21.3979,(11.5936731979,28.1557201371,28.1987790646,12.6929667302,14.7797227983,32.9668326575)
YDR117C,8.6595,(8.65953029607)
YOR196C,12.4587,(8.37569559312,14.0443384034,14.955950593)
YCL063W,11.7220,(11.7220430232)
YER048C,12.9559,(12.9559124281)
YBR179C,7.1637,(7.16370696001)
YLR390W,13.3217,(13.3217382209)
YLR345W,12.5544,(12.5543571168)
YDL190C,13.9172,(12.99335839,15.814141418,12.9440069542)
YMR303C,13.3176,(13.3176460759)
YAL002W,23.3122,(8.90164867344,31.1648011322,25.9048887524,14.1337851578,17.8906001536,41.8776427806)
YEL067C,14.7866,(14.7865999975)
YBR126C,16.0663,(18.5353427988,18.4746020509,13.3173044143,19.5096325953,17.8207812607,8.74029872548)
YNL155W,18.1651,(18.165087437)
YDL025C,16.8613,(16.8613251418)
YGR229C,15.5700,(8.60339978858,21.0425453515,23.8593449896,10.2296960483,11.476694189,18.2085496878)
YBR009C,18.7300,(18.73001561)
YLR001C,10.7753,(10.7752629533)
YKR026C,24.5068,(24.3368109106,28.2260290778,20.9574531035)
YJR043C,10.3150,(13.6471603606,9.52790179747,7.76991751208)
YGR125W,11.8396,(15.2421378405,9.64928932116,10.6275092166)
YBR104W,13.2091,(13.2091410675)
YOL124C,11.9917,(11.9916576597)
YOR263C,10.3540,(10.3540169825)
YDL077C,19.9820,(13.4815371371,24.144923424,22.3196056128)
YER115C,10.8279,(10.8279349204)
YDL177C,10.8999,(10.8999097247)
YER152C,8.5042,(8.5042415276)
YLR015W,12.2496,(12.2496481637)
YIL137C,8.5275,(8.52752215606)
YNL073W,4.9747,(4.97467966128)
YIL087C,11.3668,(11.3668130856)
YNL160W,4.8675,(4.86748176125)
YOR252W,33.0237,(33.0236779939)
YGR006W,7.1927,(7.19267652549)
YLR055C,10.9355,(10.9354645186)
YLR260W,5.1661,(5.16612196129)
YDR085C,11.5263,(11.5262522877)
YEL036C,14.2292,(14.2292452736)
YLL038C,11.3895,(12.0193551707,10.9412015127,11.2078336566)
YNL041C,13.4609,(10.6072876871,10.1621487023,9.56403798528,19.2281744798,17.4157270821,13.7879819688)
YKR001C,19.5419,(19.5418912475)
YOR327C,15.7871,(15.7870842995)
YDR150W,10.7776,(5.1490222743,14.1168630747,13.0669218987)
YBL098W,7.8284,(7.82839983089)
YKL113C,18.9291,(21.4226707136,12.6061199615,22.758622329)
YDL081C,22.5192,(22.5192112264)
YER030W,6.6203,(6.62033585329)
YIL017C,13.0201,(13.0200927684)
YKL032C,8.4730,(11.6406367096,7.24001376242,6.53849781035)
YIL089W,14.7433,(11.4815590804,13.6613349196,19.0870481411)
YKR039W,13.0448,(13.044753498)
YNL015W,11.0622,(11.0622063143)
YGL066W,16.1829,(15.7422378727,11.3851579001,21.4213881982)
YER155C,14.9935,(17.4780684047,16.8933660993,18.184905016,15.0754766228,18.1578527479,10.770258296,14.2134140487,16.8838035113,13.0730660643,9.20518239039)
YBR084C-A,28.2625,(28.262509362)
YHL002W,24.9892,(24.9892074474)
YOR051C,22.7375,(22.7375160704)
YKR099W,21.5481,(24.9075761798,21.526009665,18.2107889623)
YNL056W,17.3808,(17.3807861285)
YKL213C,21.2466,(20.1440951327,27.315849928,16.2797376909)
YPR101W,14.0860,(14.086012013)
YDR245W,29.1928,(23.9397561342,34.1128908673,29.5256926148)
YDR512C,11.6053,(6.44197124187,13.5636086031,14.8103317666)
YOR106W,16.4630,(16.4630071694)
YJL214W,12.7366,(12.7365834502)
YLR410W,18.7018,(18.9333722456,18.2201746625,18.9519063391)
YER004W,10.5028,(10.5027998095)
YDL232W,13.8466,(13.8466344721)
YCL048W,10.9368,(13.1577132643,6.16963525093,13.4830286205)
YDR477W,10.9332,(10.9331846339)
YMR103C,10.9574,(10.9574406839)
YCL056C,10.9314,(10.9313979867)
YJL208C,14.1344,(14.1344236727)
YNL064C,16.6964,(17.4562784102,22.0148621636,12.2958947781,20.9236125534,14.4317034649,13.0558588216)
YOL105C,9.5265,(9.52647797881)
YLR032W,10.7302,(11.1544730378,9.56442717533,11.4717854237)
YOR042W,9.4924,(9.49242446205)
YLR242C,37.5395,(37.5394898976)
YDL182W,14.9971,(14.9971286858)
YOL050C,14.7767,(14.7766894501)
YOR040W,9.2284,(9.2284279924)
YIL035C,14.5197,(14.5196991799)
YOR089C,12.6364,(11.577293078,10.8757026752,15.4563480577)
YLR034C,14.9822,(14.9822177491)
YGR110W,13.0848,(13.0847725355)
YML034W,22.0949,(28.9685147218,7.41201895252,29.9040630083)
YDL135C,8.4578,(8.45778443534)
YJL004C,15.7568,(15.7568441061)
YPR023C,11.7663,(11.1178558658,13.7588120731,8.71824035358,17.5177827466,10.9221674521,8.56271030498)
YLL016W,13.2555,(13.2554868025)
YBR078W,20.5849,(20.5848739561)
YFR019W,34.9597,(34.959735779)
YOR123C,11.6222,(13.2912873525,8.71143174308,12.8637447576)
YBR223C,14.9971,(14.9970843027)
YMR304W,12.6690,(16.1303021876,6.41268661584,15.4640162031)
YNL241C,24.5545,(24.5545083824)
YJL154C,19.4374,(19.4373809733)
YDL213C,10.2747,(12.1823696187,6.16646732565,12.4753087099)
YER132C,15.6153,(15.6152610036)
YIR005W,16.5722,(19.5192236117,18.2883751094,17.8376878162,18.1825449828,11.5761304224,14.0294476758)
YPL047W,13.7595,(14.8509430377,15.4362153587,15.2269619599,16.9057269282,11.4792256923,8.65802378285)
YCR034W,28.7446,(28.7445947745)
YGR295C,12.1176,(10.4713961912,16.5483818344,9.33306954412)
YGR092W,14.2219,(14.1333530691,18.542296819,16.7230661972,13.0590950361,8.77750324336,14.0963057861)
YEL013W,22.9577,(28.346450585,13.5848590399,26.9417667466)
YBR240C,7.6908,(7.69082102898)
YFR030W,11.8123,(11.8122549232)
YML103C,11.0229,(4.96075776285,7.21832653975,8.74751749635,14.4022597683,13.6326400961,17.1759427595)
YKR084C,13.0274,(16.2282241204,14.542885538,8.31102484053)
YDL215C,14.6419,(14.6419450655)
YCR043C,11.8805,(11.8804813636)
YPL057C,18.6172,(21.1793406125,24.1265284068,10.545647625)
YDR315C,18.1627,(22.6141401555,11.6753527417,19.9677929386,15.1034968617,24.2517919464,15.3637345257)
YNL319W,9.8273,(9.8273133347)
YBR161W,20.0083,(25.1887829908,18.8384469535,15.9975687724)
YOR235W,17.3836,(17.3836445049)
YNL169C,15.1868,(15.1867531207)
YKL074C,10.4776,(13.3565652973,6.63070941211,11.4456395327)
YNL128W,11.0758,(11.0757729903)
YCL038C,17.3448,(17.3448295467)
YJL213W,15.1952,(15.1951936191)
YML102W,14.0430,(10.0191681426,15.6437967488,16.4660670466)
YOL103W,18.6179,(18.6179225011)
YNR006W,22.4480,(22.4479938619)
YPL120W,13.7364,(8.4243151773,13.65823112,13.9814935402,15.7407341982,16.0027008,14.6110908479)
YML081C-A,10.4192,(9.1792553101,12.3261554939,9.75208936962)
YCL001W-A,12.6222,(12.6221614356)
YMR150C,7.9490,(7.9489999141)
YBL002W,4.7085,(4.70847479794)
YIL064W,8.3196,(8.31957776742)
YGL251C,7.7339,(7.73392877796)
YFL001W,19.0298,(17.1594379148,16.2311755779,23.698682986)
YHR033W,7.9272,(7.92715381966)
YGL164C,18.0867,(10.7319349808,21.8374894289,21.6906318868)
YFL040W,6.3848,(6.38479549879)
YER156C,18.0613,(18.0612693273)
YDL100C,13.2150,(13.2149586741)
YGL197W,12.5262,(12.5261595984)
YDR207C,25.7128,(31.3109972338,21.1625093988,26.6695622662,19.5158367662,35.1509106422,20.4669994825)
YPL074W,18.8475,(18.8474657971)
YDR441C,23.5825,(23.5825335116)
YDR392W,20.1676,(20.3300342464,19.3234008173,20.8493494148)
YDR455C,19.6914,(18.5063700191,23.1709735229,17.3967668577)
YDR388W,20.0300,(20.0299897266)
YPR095C,16.1072,(16.1071603972)
YDR159W,20.3452,(20.3452213108)
YPR089W,13.8790,(13.8789712408)
YBR233W,17.7076,(17.707554545)
YCR065W,13.7498,(13.7498199895)
YDL118W,10.0265,(10.0265331015)
YAR018C,14.0026,(14.0026121555)
YDR541C,13.4047,(13.4047475237)
YHR012W,13.3857,(13.9594314404,10.9131984423,10.5907704964,11.9684100387,17.7395551285,15.1426272706)
YBR221C,14.9776,(16.8682932037,13.8299249224,14.234540322)
YNL248C,8.8945,(8.89449708443)
YML128C,13.8462,(15.5298170318,15.6106133617,10.398019789)
YIL090W,29.7427,(29.7426936279)
YOR055W,14.7032,(16.9817103266,13.8206219655,13.3072499563)
YBR013C,12.3518,(12.3518016165)
YDR255C,12.6946,(12.6945732974)
YDR194C,4.8771,(4.87714475234)
YDL113C,7.3848,(7.38477117144)
YDR539W,13.3010,(13.3010138418)
YNL309W,9.4076,(9.40755937355)
YDR357C,15.8535,(15.8535152502)
YBL013W,22.3433,(22.3433449653)
YGL007W,14.5000,(14.5000425085)
YLR201C,8.1547,(8.15468129253)
YBR130C,19.0238,(19.0238187439)
YGL045W,12.4179,(16.1245582966,12.9097849269,8.21946709202)
YOR292C,78.8068,(78.8067653512)
YDR463W,18.7448,(18.7762516905,13.3347646834,22.9264815794,17.2150468481,24.9279344636,15.2881346724)
YDR438W,12.4117,(12.4117382445)
YKR089C,15.3413,(15.3412790604)
YIL047C,9.8740,(9.87400486227)
YJR003C,10.8519,(10.8519210451)
YBR165W,18.8854,(18.8854063639)
YBL107C,14.2785,(14.2784909263)
YBR044C,12.3987,(12.3987238321)
YBR137W,8.1865,(8.18645552472)
YOR208W,12.1787,(12.1787347811)
YDL056W,13.4193,(12.6861174065,14.4842794123,13.0873736647)
YGR234W,13.2537,(13.2537215476)
YDL131W,9.4026,(9.40260009765)
YNL001W,13.6447,(17.0186018636,13.5324093187,10.3831369797)
YGL115W,10.1168,(8.43489318923,11.438241708,10.4772667019)
YLR387C,21.8224,(21.8223528875)
YPL101W,17.7427,(15.3007148325,16.9478838218,20.1022584493,16.1442705907,14.1635841309,12.3719796135,19.4417841033,15.2873240084,25.0027001513,21.4085441644,18.4670848403,17.266012401,20.1299343893,16.8585750988,17.2473573511)
YDL024C,17.7597,(17.7596914458)
YEL068C,9.5381,(9.53808274139)
YCL009C,11.1828,(11.1827842103)
YHR176W,16.8716,(16.87156532)
YBR139W,12.0172,(12.0171802038)
YMR096W,29.6916,(29.6915560186)
YER116C,29.8726,(37.061027926,18.0763678958,34.4803957481)
YER056C-A,17.6098,(17.6097826809)
YHR111W,12.6800,(12.2400449218,11.9528352648,13.8470616492)
YDL172C,12.0471,(12.0470510847)
YOR156C,21.1008,(21.100751554)
YDL070W,9.8453,(9.84528477516)
YLR234W,14.9059,(14.9059362088)
YLR360W,29.1135,(29.1135215082)
YGL210W,17.9288,(17.9287880716)
YDR092W,10.9319,(10.9319134159)
YBR171W,19.2025,(19.2025210526)
YNR002C,7.5649,(6.68653782323,8.5258414593,7.48228130476)
YAL058W,13.9376,(15.609434534,11.4523289335,14.7510453696)
YLR056W,17.6590,(20.5058942163,11.7661289011,21.1533041053,14.3172525755,16.688556999,15.2264798561,17.2662421379,25.84147467,18.5135931361,15.3115353228)
YNL070W,13.7599,(13.7599257163)
YBR093C,9.8322,(9.83221942433)
YNL091W,18.5667,(18.5667432265)
YDR162C,14.7961,(13.4379973816,10.0813627923,15.6723642021,17.2149772817,12.4426145072,19.9273857373)
YJL144W,9.6700,(9.66999013428)
YGL255W,8.1708,(7.74648930899,6.81207539494,9.95369743529)
YAR023C,12.7629,(12.7629257553)
YNL293W,14.6131,(14.6131391977)
YOL044W,8.1267,(8.12672165287)
YJL030W,12.5222,(12.5222218247)
YOR325W,11.2624,(11.2623733518)
YMR030W,6.7526,(6.75260200735)
YIL060W,11.3029,(11.3028574683)
YJL115W,24.8548,(24.8548173338)
YGL004C,9.4690,(9.46900785359)
YBR200W,22.5386,(22.5385907751)
YOR129C,10.8166,(10.8165919843)
YOR085W,11.5444,(12.4028210269,8.70164191381,13.5288869205)
YAR028W,10.5772,(10.5772370051)
YCL010C,17.9704,(24.2596092096,17.5314726958,14.872897049,9.88675294538,23.8742664868,17.3975025789)
YGR270W,14.6072,(12.72240862,12.7914170178,18.307845736)
YOR069W,23.5597,(23.5597426155)
YPL008W,13.2234,(13.2233968543)
YNL322C,17.0864,(17.0864457902)
YPR153W,13.7960,(13.7960256093)
YJL199C,12.0018,(12.001759359)
YKL162C,11.7074,(11.7074260004)
YJL037W,16.9087,(16.9087367188)
YLR251W,8.2539,(8.25386356447)
YBR008C,12.7176,(12.7175646296)
YCL036W,11.4180,(11.4180269969)
YBL062W,9.7844,(9.78442632677)
YGL132W,8.5955,(8.83882431008,6.19658902584,10.7510799878)
YOR028C,10.9121,(10.9120580887)
YAR030C,15.4458,(15.4457978866)
YPR171W,12.0276,(12.0276000688)
YOR308C,36.1787,(36.1786996905)
YJL047C,11.8893,(12.5987436866,8.26967632652,14.7993313136)
YGL151W,10.1471,(11.2654191336,12.2478639611,9.88456080937,5.98569633722,10.6607360538,10.8383844062)
YMR078C,16.1090,(16.0884842663,13.0166476612,19.2217426893)
YER129W,11.9607,(11.9607201208)
YLR094C,22.4104,(22.4103913699)
YBR037C,14.6039,(14.6039183193)
YBR007C,14.5580,(14.5579592194)
YBL007C,16.1713,(16.1713138646)
YNR037C,8.5143,(8.51434024137)
YLR041W,5.2440,(5.24399288145)
YOR035C,23.0398,(23.0397525632)
YLR343W,12.2913,(12.2912601787)
YMR307W,17.3696,(18.5865009947,14.3619481236,19.1604076448)
YMR058W,24.7384,(24.7383546282)
YER039C-A,18.8067,(21.8629697166,25.0258959777,9.53108447124)
YJL197W,22.2450,(22.2450179031)
YER158C,8.0480,(8.04795473706)
YDL161W,7.5186,(7.51862781153)
YJR025C,9.5855,(9.58549574225)
YER162C,19.0035,(19.0034758529)
YNL201C,11.1773,(11.1773346031)
YDL059C,18.8487,(18.848715503)
YFR032C-A,10.1920,(9.80404075423,6.88031167293,13.891728635)
YDL006W,12.4282,(17.2437646862,11.1233715177,11.6554547618,11.6214229291,13.8547086058,9.07054370583)
YER123W,29.7554,(29.7554391373)
YBR175W,11.1203,(9.79479354059,9.59958061227,13.9665203096)
YDR483W,10.6995,(8.85788246126,12.1235349388,11.1170750177)
YBL103C,21.7820,(21.7819996062)
YEL040W,9.0744,(9.07442040102)
YLR181C,20.6871,(20.6870500315)
YNL134C,8.3826,(8.382634317)
YNL111C,15.5497,(15.5496749141)
YBR020W,16.4662,(16.466243414)
YGR068C,26.3541,(26.3540718208)
YLR418C,12.9042,(14.225279371,13.8386956592,10.6485716305)
YBR183W,16.8157,(16.8157087278)
YFR021W,25.9330,(25.9329636871)
YFR056C,6.4863,(6.48629767224)
YDL011C,6.8102,(6.81018292769)
YHR030C,10.8333,(7.58474861063,10.3101480404,10.2555863786,7.32928836031,5.24268319352,10.0779502429,15.5723607841,12.753157134,10.902791027,14.0154846942,7.89312642917,6.65087363787,11.8757689217,6.80421591423,13.9257099285,12.9698511938,13.1501153478,12.0636287684,14.4206220608,10.2111428961,13.4896863287)
YBR295W,7.9445,(7.94454013462)
YDR126W,24.9020,(25.0698798545,24.7797423183,24.8563256904)
YBR034C,8.8615,(8.86148197455)
YGL167C,12.3283,(12.3283435321)
YKR027W,21.6623,(21.6623026457)
YBR105C,19.8546,(19.8546495389)
YKL208W,8.3960,(8.67877785107,6.53723808766,9.97185211802)
YLR182W,23.0307,(23.0306528743)
YDL074C,20.1390,(24.7625514838,12.4957768498,23.1587827019)
YKL069W,19.0096,(26.6064822578,13.826076805,16.5963124163)
YKR020W,31.2426,(43.5728011951,25.7250306633,25.633288351,12.935692991,49.1403775465,30.4481555102)
YMR012W,13.0209,(13.0208731308)
YGL107C,7.0147,(7.014730043)
YLR372W,17.7310,(17.7309862476)
YER083C,13.5256,(10.5545122417,17.3866637433,17.8634048705,9.45950377793,4.96318562219,16.5250130432,11.0168721617,15.5528168174,17.8637547641,14.0698243576)
YPL065W,9.8872,(9.88715842838)
YBR118W,15.7497,(20.873310266,21.8319915596,14.4474731712,15.5266425448,9.49622288642,12.3224647745)
YDR433W,6.6751,(6.67514210707)
YHL016C,24.3976,(24.3975795866)
YFL027C,12.2898,(12.2898246039)
YPL216W,12.2606,(12.260559242)
YEL053C,11.0259,(11.0258919564)
YOR380W,9.8918,(9.89180766109)
YNL120C,23.0351,(23.0350707336)
YBR075W,8.9678,(8.96776615953)
YJL042W,26.4552,(26.4552149832)
YCR092C,19.9367,(19.9366830793)
YAR027W,15.3416,(15.3415668927)
YMR156C,13.5572,(13.5571573846)
YLR091W,22.0756,(22.0756466098)
YOL081W,32.4528,(55.5095844339,56.6516428138,7.96964035125,49.3411754244,12.8698531015,12.3748474628)
YPR029C,13.4923,(13.4923003498)
YMR144W,12.7411,(12.7411055036)
YCL035C,12.2596,(12.2595903538)
YHL026C,9.1212,(9.12121449259)
YLR436C,12.4706,(13.3764009732,11.3978926982,12.637496529)
YGR034W,10.7429,(14.2345192726,12.0494825633,10.0243764037,10.7214780084,10.323596186,7.10382153999)
YDL112W,13.8550,(13.8550442524)
YML052W,11.0768,(11.0768011191)
YMR158W-A,23.4880,(23.4880011332)
YDR276C,20.6624,(11.8709476453,28.0601148276,31.9683509541,11.2455982708,14.3351569716,26.4940317671)
YGR261C,15.5955,(15.5955080702)
YNL330C,11.3857,(11.3857382386)
YBR276C,22.0946,(22.0946383595)
YMR116C,22.3166,(22.3166312358)
YLR455W,14.8524,(14.8524009337)
YPR076W,9.7577,(9.75767736978)
YAL021C,18.3924,(18.3923861709)
YDR256C,7.9083,(7.90834732175)
YML121W,17.9272,(20.6620702311,14.7092629448,18.4102825958)
YKL169C,18.3951,(18.3950930548)
YML075C,21.9398,(21.939845274)
YOR182C,38.1595,(38.1594593836)
YER050C,3.3735,(3.37345880247)
YLR119W,17.1104,(19.0756812441,15.4081171009,16.2374584636,21.5047083031,12.1884710102,18.2478448274)
YBR250W,12.7928,(12.7928278497)
YKL048C,35.0355,(28.5516834885,41.9235204592,39.3012259303,36.6377115179,17.5657903105,46.2330992921)
YGR111W,11.7010,(11.7010030365)
YLR110C,13.2191,(10.3705233018,13.8955085965,13.8495048588,15.0375587659,11.2579302752,14.9038480866)
YPR018W,19.0214,(17.6311571648,13.3631863279,26.0698666306)
YLL017W,11.4339,(11.4339085841)
YMR272C,24.3076,(14.0073243332,28.2131328745,30.7024856497)
YNL147W,13.7869,(14.9943666491,12.5640480918,12.425431717,16.686991112,15.08330308,10.9674371541)
YDL033C,18.6275,(22.8767926903,17.2244402785,15.7812180224)
YBR222C,13.5921,(13.5921458916)
YGL174W,15.7167,(15.629985411,16.6943728323,14.8258448867)
YHR189W,17.7928,(17.8773785783,24.0903220382,11.4107915012)
YLR199C,15.0699,(15.0699005173)
YGR133W,20.0036,(20.0035842636)
YDL065C,9.5980,(11.7913196013,12.8909707412,4.11179596343)
YJL136C,11.4262,(9.36118251878,13.8808086366,11.0367079698)
YEL057C,24.8884,(24.7100818032,31.2078634621,18.7473875436)
YBL044W,4.8346,(4.8345532318)
YPR170C,21.3381,(21.3381482645)
YBL036C,6.7837,(6.78365889944)
YDR258C,11.7839,(11.7839316786)
YDL071C,9.6143,(9.61426056492)
YPR191W,19.1399,(11.4524582389,22.914471604,23.0527083516)
YDR080W,23.4572,(28.2112426707,16.8776975548,23.8005958574,29.4215815961,16.114157817,26.3178549833)
YJL096W,6.6208,(6.62076266237)
YER117W,8.0727,(8.07271576278)
YPR185W,14.0544,(14.0544499893)
YEL011W,16.5511,(16.5510610598)
YPL115C,18.7230,(18.7229563335)
YER178W,25.2065,(25.2065063235)
YOR166C,5.9064,(5.90636557891)
YLR191W,7.2286,(7.25955985692,5.92414583506,8.50200702282)
YEL028W,7.1784,(7.17839815846)
YOL003C,7.7182,(7.7182272061)
YGL213C,7.9858,(8.80976423102,7.49074534713,7.65693922512)
YNL071W,19.3143,(25.5249141355,23.3636271085,9.05448260419)
YOR320C,12.3145,(12.3144791192)
YIL065C,7.5932,(7.59324587751)
YHR034C,16.1899,(10.5071554722,17.8016340362,20.2608633425)
YBL080C,7.0522,(7.05215596701)
YDL168W,10.7039,(14.6145921213,8.67485654088,8.8222121821)
YPR174C,15.8207,(15.8207045323)
YLR452C,11.6047,(13.1486798921,10.1951462659,11.4701858051)
YFL043C,7.3644,(7.36443877225)
YGL163C,13.9576,(16.1560347913,18.9253638398,6.79137101384)
YHR057C,13.4624,(13.4624408412)
YJL106W,6.8115,(6.81152945925)
YDR359C,31.5052,(31.5051564249)
YML071C,10.2781,(10.2780926411)
YOR136W,16.9732,(16.9732004382)
YCR106W,9.4560,(9.45598491433)
YKR024C,20.6990,(20.6989820158)
YMR027W,20.0844,(20.0844117081)
YFL013C,7.7576,(9.62643385371,7.19049074551,6.4558903889)
YDR389W,14.1921,(14.1920749905)
YBR226C,11.6198,(11.6198107028)
YIL107C,14.8019,(14.8018597999)
YDL027C,16.3337,(16.9145592632,8.39418118412,19.7024308552,14.0389664062,25.1222480084,13.8296858583)
YLL018C-A,6.5891,(6.58905832067)
YJL046W,10.6547,(9.95308762902,12.0295286362,9.98143953317)
YDR049W,13.1851,(16.4069835727,14.6068573844,8.5413464129)
YIR026C,9.3209,(9.32085639533)
YDR475C,29.9802,(29.9802481768)
YER002W,12.7489,(12.7488671849)
YDL127W,14.1408,(14.1408483338)
YBR184W,7.4527,(7.45266246986)
YPL055C,11.1977,(9.32898418521,11.9017339384,12.362305898)
YPR122W,13.1092,(13.1092213994)
YMR006C,13.9215,(13.9215148404)
YHR048W,10.2025,(10.2024555007)
YGR157W,35.9009,(35.9009426392)
YOR061W,19.6849,(19.6848552263)
YDR244W,14.2927,(14.292734528)
YGL133W,16.0643,(16.0642764901)
YAL031C,11.8526,(13.5140518738,11.0105985773,11.0331068106)
YDL088C,14.5210,(14.521030262)
YMR306W,6.5868,(6.58675785459)
YDL137W,7.3900,(7.38997465634)
YNL302C,17.4395,(17.4395352096)
YBR006W,10.6251,(10.6250881778)
YBR170C,10.4970,(10.497006044)
YKL139W,17.2470,(21.7951811735,14.2256092727,15.7202073202)
YML041C,11.0995,(11.5714623064,10.0841164612,11.6428390043)
YCL061C,12.9859,(6.90783898356,19.4538891305,18.769632974,9.30502544277,10.4877238516,21.4009892237,9.25212681416,9.96217781972,20.8461058062,7.07261074917,12.0555853765,13.502694174,22.5989866688,6.55131663584,7.68373963619,6.95738243069,9.51684502515,22.19276886,8.98058196864,8.13736574305,9.65573903094,10.1389754584,11.3529737371,22.3798982551,8.95220134104,5.23040778164,9.26787944465,8.0065440689,16.5610872077,16.1091004512,21.2091261586,14.7404032491,13.5316979476,12.5163488527,15.7651159645,16.3139078032,12.5328585068,12.1599148098,20.2795973721,13.6326416409,12.3000092671,13.7722685092,13.1411780897,14.8430294292,8.33644213719)
YDR458C,11.3963,(11.3963260326)
YGR171C,8.2204,(8.22035983832)
YJL148W,12.5076,(12.411837334,14.9910562426,10.1200163908)
YML038C,10.6282,(10.6282478195)
YDR502C,8.4925,(8.49247271811)
YLR125W,24.3570,(24.356955888)
YAL013W,14.3073,(17.8830702676,14.5397797473,10.4989025725)
YDR313C,18.5232,(18.5231960628)
YBR077C,21.9882,(21.9882200939)
YNL153C,12.9829,(6.33542733462,14.9940518088,15.3610553891,12.8215983946,14.1742628882,12.5679008237,8.48162699739,10.7362046122,16.2370753349,13.8703440926,18.7952819431,17.2542170535,16.4814666781,13.725075523,17.9100268473,11.4620495866,11.6412921437,13.1096867277,10.3840602011,9.99287085047,11.9821532247,7.48804844761,9.75809860229,15.7376745487,13.4186418842,8.32303928143,18.7537122664,11.8311320788,8.95819750769,13.2282723871,16.8813316048,14.5254094034,6.91016924567,20.6903985022,13.3280876953,9.23504284472)
YGL124C,31.2490,(31.2490350238)
YMR179W,16.2098,(16.2098421596)
YLR165C,13.8088,(13.808835847)
YCR069W,19.2336,(19.2335543742)
YOR087W,12.2330,(12.2330321131)
YFR008W,12.4689,(12.4688717304)
YIL023C,14.1978,(14.1978101809)
YCR095C,12.9888,(12.9887602754)
YDR418W,14.4270,(14.426955967)
YHR050W,20.8008,(20.8008033311)
YPR047W,31.5049,(31.5048962456)
YDR334W,12.3979,(8.83528124715,9.22076093604,8.33473445,14.4690369188,16.033760295,17.4937686036)
YMR075W,14.4237,(11.2627603418,22.3343291593,14.9536381039,15.0721143118,9.62391210742,13.2956895423)
YEL054C,12.9148,(12.9147925671)
YGR101W,10.4534,(10.4122617474,11.8145757598,9.13328833749)
YNR051C,16.5575,(19.6180614082,11.4983712682,18.556149987)
YCR077C,16.1244,(16.1243706756)
YKR092C,8.8545,(8.07075880041,8.77483947147,9.71778151408)
YCL016C,12.3121,(8.8674897689,15.4200194141,12.6486856598)
YNL034W,16.2691,(16.2690941471)
YMR011W,16.9100,(16.909976786)
YDR215C,13.7296,(13.7296341977)
YLR386W,25.8484,(25.8483810171)
YGL246C,6.4446,(6.44458650925)
YLR371W,20.5833,(20.5832815623)
YKL067W,15.6667,(15.6666929231)
YMR190C,9.9399,(9.1381779304,10.7898238188,9.89161131464)
YNL022C,11.8304,(11.8304231093)
YNL324W,23.5352,(23.5351757675)
YPL035C,22.7413,(22.7413377331)
YBL032W,10.8551,(10.8550571197)
YIL121W,18.5264,(18.5263769552)
YLR262C,14.5744,(14.5743989599)
YOL027C,8.6615,(8.66153740777)
YJR075W,15.9304,(15.9303697654)
YGL240W,12.4140,(12.4140403792)
YBR272C,21.3173,(21.3172611486)
YLR367W,16.5613,(16.9686592192,19.7192183251,12.9959825522)
YJL099W,12.9365,(12.9365396737)
YJL102W,5.9064,(5.90637738621)
YDL128W,17.0813,(17.0812832404)
YPL166W,6.6389,(6.63891831722)
YOL035C,15.7990,(15.7990200991)
YCL022C,14.3549,(14.3549449452)
YHL031C,23.3286,(23.3286315118)
YDR204W,13.4154,(13.4154040909)
YDR352W,16.9640,(16.9640145847)
YDR163W,7.1345,(7.13449691954)
YML051W,11.1758,(11.1757800969)
YHR184W,12.7719,(12.7718983208)
YCL032W,21.8392,(27.9582210536,11.8532472,25.7060135936)
YLR393W,11.4200,(11.419982272)
YNL238W,12.3457,(12.3456902108)
YBR281C,16.6877,(16.6877159172)
YLR104W,8.3697,(8.36972965697)
YBL039C,20.0457,(20.0457010999)
YDR253C,8.7758,(8.77577891733)
YNR058W,13.3058,(13.3057820234)
YLR031W,11.5218,(11.5218380868)
YOR132W,17.2218,(17.2217618278)
YDR491C,11.1080,(11.1080238926)
YOR039W,19.1455,(19.1455034261)
YGL117W,10.4963,(10.4963299479)
YBR245C,20.4882,(20.4881904138)
YMR119W,4.6715,(4.67145368914)
YIL040W,29.9835,(29.9834676476)
YLR200W,14.1361,(14.0702154388,13.9591004959,12.5396349446,15.7786374315,13.9930824416,14.4757110885)
YOR068C,22.1059,(22.1058513883)
YCR025C,8.4417,(8.4416853373)
YNL136W,8.9451,(6.88618988407,9.07476178189,10.8744451065)
YDL222C,6.9254,(6.9254123471)
YGL219C,11.4647,(13.1915075898,14.0538171506,7.14869165706)
YCL062W,14.5499,(14.5499302315)
YKR048C,15.0081,(15.0080580666)
YDL180W,11.3028,(11.3027996687)
YGL080W,20.6306,(20.6305990002)
YBR030W,15.7671,(15.7670716068)
YBR122C,19.1125,(19.1124829887)
YPR120C,14.3532,(14.3532090199)
YNL156C,11.3419,(11.3418923039)
YDR293C,14.0104,(16.4806758876,13.8658074747,17.9657996427,10.8092057573,16.3696632727,8.57133490117)
YER007C-A,10.8831,(10.8831107087)
YMR198W,14.7597,(14.7596992562)
YDR496C,13.5485,(15.9527747157,13.3770413795,14.1724574744,15.9758110651,6.96205709258,14.8509994769)
YLR356W,23.6230,(23.6229749211)
YML032C,15.9870,(15.2850861619,18.9988862589,13.6769715607)
YJL094C,27.0631,(27.0631003681)
YNL257C,12.6335,(12.6334600948)
YDL035C,21.3745,(21.3745101688)
YOR275C,10.3533,(10.3533003324)
YER074W,20.8047,(20.8047021065)
YEL052W,6.4310,(6.43102691572)
YDL162C,9.0755,(9.07548495692)
YPL069C,19.0787,(19.0787288772)
YAL067C,8.8966,(8.89661811595)
YER161C,8.8111,(9.65942391455,7.70728490816,9.06645113819)
YJL180C,6.9952,(6.99516400488)
YBR195C,8.7712,(7.92505775773,7.76648798636,10.6220460525)
YIL145C,10.7710,(10.7709944472)
YOL004W,25.8572,(25.8571654406)
YLR021W,22.4655,(22.4655425553)
YFL031W,7.4069,(6.33616512091,8.10948231364,7.77490559129)
YHR064C,13.6915,(13.6914706073)
YGL042C,13.8485,(13.8484945489)
YDR360W,13.2110,(13.210974)
YKL197C,10.7448,(10.8992472744,11.3645592415,9.97057203156)
YOR070C,12.5492,(13.69888377,16.8168365854,7.13197068048)
YLR074C,19.8928,(19.8927705741)
YOR200W,8.1668,(8.16678305542)
YKR082W,17.1358,(13.9288760897,18.8558309098,22.7099743541,11.7955694922,18.3762026672,17.1482229091)
YDR310C,19.6532,(24.3889360837,12.2130418305,22.3575525952)
YHR129C,14.3228,(16.9158166124,14.9265826791,11.1259450257)
YIL053W,10.7039,(10.7038599433)
YBR132C,9.0130,(9.01295655494)
YBR173C,8.9480,(8.94803220892)
YJL064W,9.8597,(9.85972704197)
YOR317W,12.7841,(12.7840823392)
YER031C,11.1335,(11.1335391163)
YGL043W,9.5246,(8.85424245471,11.5490658198,8.17059030656)
YMR071C,4.7863,(4.78625389857)
YFL003C,14.6764,(20.3827315863,12.265323881,11.3811373997)
YAL058C-A,10.4701,(10.4700942359)
YFL042C,15.3173,(15.3172907696)
YOR280C,7.2592,(7.25916548362)
YOL073C,8.5957,(8.59566058856)
YNL054W,23.9306,(23.9305528087)
YDR156W,11.3905,(7.49131539165,13.353715462,13.3264068614)
YHR200W,17.3086,(16.205315725,22.6797992278,13.0406744959)
YDR133C,30.9201,(30.9200591422)
YDL106C,32.3809,(32.3808621689)
YDR335W,21.1035,(21.1034643377)
YKL123W,9.0229,(9.02294029636)
YOR167C,20.0681,(20.0681162708)
YKL176C,16.3125,(20.7271107538,17.0554211925,11.1551117176)
YGR206W,18.7255,(18.7254823985)
YOR330C,7.4310,(7.43102169056)
YDL179W,6.6265,(6.62646019419)
YER096W,12.0298,(12.0297922204)
YER066C-A,15.9419,(15.9418703914)
YDR076W,18.6442,(15.1549124726,21.476321649,19.3014373589)
YCL034W,12.9807,(12.9807428646)
YDR508C,12.3062,(12.3061877968)
YER056C,9.1899,(9.18990830745)
YLL002W,20.7927,(26.3213909223,24.9095587084,16.228913566,26.4900472921,19.6589739206,11.1475382162)
YIL008W,9.4058,(9.10548441009,9.43310172165,9.67878701133)
YOR357C,12.8631,(12.8631355411)
YNL108C,12.1263,(12.1262993751)
YOR030W,11.3515,(15.554790539,8.21677838287,10.2830341721)
YBR235W,21.5979,(21.5979391663)
YCL026C,11.7471,(11.747128858)
YER040W,13.7485,(13.7485005699)
YCR089W,12.4454,(12.4453959003)
YPL226W,10.7535,(10.7534805569)
YNL051W,10.8968,(10.8968040724)
YGR122W,16.3191,(23.7083176725,21.2127100261,9.26456539594,25.1622824719,8.64113854701,9.9256168646)
YGR135W,14.4122,(19.1715320024,16.3547791767,7.71032850466)
YBR015C,10.2049,(10.2049485201)
YOL018C,13.1302,(16.5036890375,16.9474856744,11.1176045638,13.0795281994,12.5025219942,8.63013620882)
YJR094C,19.4951,(21.7453369449,23.8315043063,12.9083869883)
YAL022C,14.2442,(14.2442238331)
YMR315W,13.8393,(13.8393110719)
YDL134C-A,16.5123,(16.5122925158)
YJR074W,13.5196,(15.0487421875,11.872191677,13.6378809443)
YNL291C,22.5660,(22.5660416441)
