ORF,plate,date,row,col,distance
YOR202W,1,11/29/11,13,24,998.7206
YOR202W,12,12/09/11,12,1,937.0938
YOR202W,1,11/29/11,16,22,662.6635
YOR202W,3,11/19/11,1,23,617.9811
YOR202W,TS1-37,12/01/11,16,22,572.8668
YOR202W,1,11/29/11,9,1,542.8703
YOR202W,9,12/09/11,2,1,526.8261
YOR202W,9,12/09/11,10,1,489.6189
YOR202W,10,12/10/11,7,24,484.3891
YOR202W,14,12/11/11,16,22,480.4327
YOR202W,9,12/09/11,16,1,474.7344
YOR202W,13,12/11/11,1,23,467.6392
YOR202W,12,12/09/11,6,1,464.1768
YOR202W,9,12/09/11,6,1,461.0685
YOR202W,1,11/29/11,11,1,449.4227
YOR202W,TS1-37,12/01/11,1,3,449.3149
YOR202W,1,11/29/11,1,2,437.2813
YOR202W,TS1-37,12/01/11,16,8,436.7786
YOR202W,1,11/29/11,15,24,425.5945
YOR202W,TS2-37,12/01/11,7,24,424.1998
YOR202W,9,12/09/11,8,1,420.6896
YOR202W,9,12/09/11,3,24,410.7692
YOR202W,TS1-37,12/01/11,16,24,402.7010
YOR202W,1,11/29/11,16,2,400.9421
YOR202W,1,11/29/11,10,24,386.0907
YOR202W,TS1-37,12/01/11,1,20,376.4578
YOR202W,1,11/29/11,16,6,372.5601
YOR202W,10,12/10/11,15,24,369.1807
YOR202W,9,12/09/11,15,1,366.2030
YOR202W,9,12/09/11,1,15,360.0866
YOR202W,TS1-37,12/01/11,1,15,355.4724
YOR202W,TS1-37,12/01/11,1,11,351.5336
YOR202W,TS3-37,12/02/11,4,24,351.3417
YOR202W,1,11/29/11,16,18,351.2281
YOR202W,TS3-RT,12/02/11,16,21,350.6316
YOR202W,13,12/11/11,1,19,350.3487
YOR202W,TS1-37,12/01/11,1,23,350.0986
YOR202W,1,11/29/11,4,24,346.9299
YOR202W,14,12/11/11,16,2,346.2684
YOR202W,add4,4/26/12,10,24,337.9006
YOR202W,S1,11/19/11,4,2,337.4723
YOR202W,9,12/09/11,15,24,337.2361
YOR202W,TS1-37,12/01/11,16,6,337.2102
YOR202W,TS1-37,12/01/11,7,24,336.4707
YOR202W,add4,4/26/12,16,23,335.7284
YOR202W,TS1-37,12/01/11,1,6,335.4267
YOR202W,TS4-37,12/02/11,15,1,334.6696
YOR202W,1,11/29/11,15,1,328.9051
YOR202W,TS4-37,12/02/11,5,24,324.8084
YOR202W,1,11/29/11,1,3,322.4861
YOR202W,add4,4/26/12,15,24,318.6389
YOR202W,12,12/09/11,1,1,316.1303
YOR202W,S1,11/19/11,5,24,309.3276
YOR202W,11,12/10/11,15,1,307.7115
YOR202W,TS3-37,12/02/11,16,24,304.3889
YOR202W,TS4-37,12/02/11,8,24,304.2743
YOR202W,S1,11/19/11,8,10,303.6885
YOR202W,S1,11/19/11,6,20,302.0865
YOR202W,TS3-RT,12/02/11,16,15,301.2048
YOR202W,TS4-37,12/02/11,1,24,300.5668
YOR202W,1,11/29/11,16,8,300.4721
YOR202W,TS1-37,12/01/11,1,16,299.8197
YOR202W,add1,4/26/12,12,1,299.1413
YOR202W,TS1-37,12/01/11,14,24,297.4658
YOR202W,add4,4/26/12,16,24,295.3352
YOR202W,TS1-37,12/01/11,16,4,293.7786
YOR202W,1,11/29/11,5,24,293.3086
YOR202W,10,12/10/11,9,24,290.0023
YOR202W,TS4-37,12/02/11,1,22,288.7388
YOR202W,TS1-37,12/01/11,1,17,288.0967
YOR202W,TS4-37,12/02/11,15,24,287.6423
YOR202W,2,11/29/11,15,24,287.4735
YOR202W,add1,4/26/12,4,1,285.7158
YOR202W,2,11/29/11,15,1,284.6923
YOR202W,13,12/11/11,6,24,283.4914
YOR202W,add4,4/26/12,16,15,283.3668
YOR202W,S1,11/19/11,3,24,281.7442
YOR202W,S1,11/19/11,3,22,278.6932
YOR202W,S2,12/11/11,8,9,278.0406
YOR202W,TS1-37,12/01/11,9,1,277.1003
YOR202W,9,12/09/11,12,1,276.9776
YOR202W,TS2-37,12/01/11,1,3,275.2467
YOR202W,12,12/09/11,16,1,274.0970
YOR202W,TS1-37,12/01/11,4,24,273.9144
YOR202W,add1,4/26/12,8,1,272.6882
YOR202W,TS3-RT,12/02/11,16,23,272.4640
YOR202W,9,12/09/11,1,23,271.2450
YOR202W,S2,12/11/11,7,11,270.2980
YOR202W,10,12/10/11,16,24,267.8861
YOR202W,S1,11/19/11,12,24,267.0462
YOR202W,TS4-37,12/02/11,1,15,264.8848
YOR202W,1,11/29/11,11,24,263.9849
YOR202W,11,12/10/11,13,24,263.8512
YOR202W,14,12/11/11,16,12,263.2183
YOR202W,11,12/10/11,1,20,263.0045
YOR202W,S1,11/19/11,16,24,262.5682
YOR202W,TS4-37,12/02/11,1,6,262.2627
YOR202W,S1,11/19/11,13,24,260.5560
YOR202W,TS1-37,12/01/11,1,9,258.7583
YOR202W,3,11/19/11,16,22,258.3897
YOR202W,TS1-37,12/01/11,1,21,258.0865
YOR202W,11,12/10/11,1,1,256.7817
YOR202W,S1,11/19/11,2,24,256.2631
YOR202W,2,11/29/11,5,24,256.1267
YOR202W,S1,11/19/11,11,24,255.7699
YOR202W,6,11/30/11,15,24,255.0833
YOR202W,3,11/19/11,16,17,254.9480
YOR202W,TS3-37,12/02/11,8,24,254.9303
YOR202W,14,12/11/11,1,3,254.4893
YOR202W,12,12/09/11,1,9,253.9263
YOR202W,9,12/09/11,16,19,253.8247
YOR202W,1,11/29/11,16,14,253.7440
YOR202W,S1,11/19/11,7,24,251.6531
YOR202W,10,12/10/11,13,24,251.0386
YOR202W,rmkDM,06/18/12,1,3,249.6236
YOR202W,3,11/19/11,16,23,249.3516
YOR202W,TS2-37,12/01/11,16,20,248.7902
YOR202W,TS4-37,12/02/11,16,5,247.9599
YOR202W,S1,11/19/11,1,2,247.2309
YOR202W,TS4-RT,12/02/11,1,18,246.8470
YOR202W,S1,11/19/11,10,6,245.3249
YOR202W,11,12/10/11,1,19,244.1967
YOR202W,add1,4/26/12,2,1,243.5874
YOR202W,3,11/19/11,11,24,243.1425
YOR202W,add1,4/26/12,14,24,242.7610
YOR202W,11,12/10/11,1,21,242.6076
YOR202W,3,11/19/11,15,24,242.4173
YOR202W,9,12/09/11,1,12,241.8850
YOR202W,S1,11/19/11,4,19,241.4022
YOR202W,9,12/09/11,16,2,240.6552
YOR202W,7,11/30/11,4,24,240.4200
YOR202W,TS1-37,12/01/11,16,18,239.8792
YOR202W,1,11/29/11,16,24,238.1092
YOR202W,13,12/11/11,1,24,237.3492
YOR202W,add4,4/26/12,16,1,236.7143
YOR202W,TS4-RT,12/02/11,16,15,236.5472
YOR202W,TS1-37,12/01/11,1,22,236.3920
YOR202W,14,12/11/11,16,23,236.3379
YOR202W,TS1-37,12/01/11,1,5,236.2888
YOR202W,9,12/09/11,16,21,236.0128
YOR202W,S1,11/19/11,9,9,235.7122
YOR202W,TS4-RT,12/02/11,2,1,234.3007
YOR202W,7,11/30/11,6,24,234.0909
YOR202W,TS2-37,12/01/11,16,23,233.6658
YOR202W,1,11/29/11,3,24,232.9221
YOR202W,TS1-37,12/01/11,1,19,232.9161
YOR202W,9,12/09/11,14,1,232.4185
YOR202W,S1,11/19/11,10,24,232.2331
YOR202W,S1,11/19/11,14,10,231.9920
YOR202W,2,11/29/11,1,15,231.8693
YOR202W,3,11/19/11,5,24,231.8465
YOR202W,TS4-RT,12/02/11,16,5,231.2658
YOR202W,6,11/30/11,6,1,230.5646
YOR202W,4,11/29/11,3,1,230.1956
YOR202W,3,11/19/11,16,15,229.8850
YOR202W,TS4-37,12/02/11,1,10,229.7583
YOR202W,TS3-RT,12/02/11,16,2,229.3666
YOR202W,3,11/19/11,10,24,229.0763
YOR202W,S2,12/11/11,16,20,228.8961
YOR202W,6,11/30/11,16,14,228.8758
YOR202W,9,12/09/11,16,7,228.8531
YOR202W,6,11/30/11,16,22,228.8362
YOR202W,12,12/09/11,16,19,228.5163
YOR202W,TS2-37,12/01/11,16,15,228.4392
YOR202W,S2,12/11/11,16,18,228.2606
YOR202W,12,12/09/11,16,6,227.9757
YOR202W,5,11/30/11,16,23,227.7624
YOR202W,TS2-37,12/01/11,1,23,227.6045
YOR202W,TS3-37,12/02/11,9,24,227.5414
YOR202W,12,12/09/11,16,14,227.4078
YOR202W,TS1-37,12/01/11,16,10,227.3841
YOR202W,TS3-37,12/02/11,16,22,227.3664
YOR202W,rmkDM,06/18/12,1,1,227.2659
YOR202W,TS1-37,12/01/11,5,1,227.2621
YOR202W,6,11/30/11,13,24,227.0365
YOR202W,S1,11/19/11,14,24,227.0351
YOR202W,TS4-37,12/02/11,4,24,226.6758
YOR202W,1,11/29/11,13,1,226.5204
YOR202W,rmkDM,06/18/12,11,1,225.2863
YOR202W,TS4-RT,12/02/11,15,24,225.1598
YOR202W,1,11/29/11,1,18,224.7372
YOR202W,1,11/29/11,1,13,223.7730
YOR202W,S2,12/11/11,10,1,223.7383
YOR202W,11,12/10/11,1,2,223.4312
YOR202W,9,12/09/11,1,10,223.3091
YOR202W,1,11/29/11,1,1,223.2740
YOR202W,8,11/30/11,8,24,223.1586
YOR202W,3,11/19/11,6,1,223.0640
YOR202W,9,12/09/11,11,24,222.1484
YOR202W,TS1-37,12/01/11,16,16,222.0281
YOR202W,add4,4/26/12,16,4,222.0266
YOR202W,13,12/11/11,7,24,221.9096
YOR202W,9,12/09/11,16,5,221.7024
YOR202W,add1,4/26/12,14,1,221.6272
YOR202W,rmkDM,06/18/12,1,5,221.2478
YOR202W,6,11/30/11,1,19,220.9821
YOR202W,S1,11/19/11,14,6,220.3891
YOR202W,S2,12/11/11,16,5,220.2926
YOR202W,5,11/30/11,12,1,220.0283
YOR202W,TS4-37,12/02/11,16,14,219.7526
YOR202W,TS4-37,12/02/11,16,23,219.6553
YOR202W,TS4-RT,12/02/11,16,3,219.5514
YOR202W,6,11/30/11,16,24,219.2872
YOR202W,add1,4/26/12,16,2,217.8090
YOR202W,TS2-RT,12/01/11,16,10,217.7752
YOR202W,TS4-37,12/02/11,7,1,217.4644
YOR202W,10,12/10/11,1,13,217.0780
YOR202W,11,12/10/11,8,1,216.9624
YOR202W,TS2-37,12/01/11,16,9,216.8003
YOR202W,6,11/30/11,10,1,216.5763
YOR202W,add1,4/26/12,5,1,216.4876
YOR202W,6,11/30/11,8,24,216.4482
YOR202W,2,11/29/11,16,4,216.3767
YOR202W,S1,11/19/11,1,20,216.3065
YOR202W,11,12/10/11,4,24,215.8722
YOR202W,6,11/30/11,16,18,215.2923
YOR202W,S2,12/11/11,4,1,215.2123
YOR202W,S1,11/19/11,13,23,215.1299
YOR202W,6,11/30/11,16,1,215.0024
YOR202W,5,11/30/11,1,9,214.7296
YOR202W,12,12/09/11,16,18,214.7083
YOR202W,TS4-37,12/02/11,1,20,214.6874
YOR202W,10,12/10/11,3,24,214.4266
YOR202W,6,11/30/11,16,2,214.2458
YOR202W,9,12/09/11,1,1,214.0142
YOR202W,8,11/30/11,16,20,213.9377
YOR202W,2,11/29/11,1,12,213.6219
YOR202W,S2,12/11/11,16,16,213.5893
YOR202W,1,11/29/11,16,20,213.4625
YOR202W,add4,4/26/12,13,1,213.4191
YOR202W,rmkDM,06/18/12,1,13,213.2998
YOR202W,S1,11/19/11,11,1,213.2829
YOR202W,12,12/09/11,11,24,212.8070
YOR202W,5,11/30/11,16,9,212.5901
YOR202W,7,11/30/11,10,1,211.8021
YOR202W,10,12/10/11,4,24,211.6576
YOR202W,5,11/30/11,4,1,211.3671
YOR202W,TS4-RT,12/02/11,16,21,211.2744
YOR202W,11,12/10/11,9,1,211.2091
YOR202W,S2,12/11/11,2,8,211.2065
YOR202W,add4,4/26/12,16,2,211.1253
YOR202W,TS1-RT,12/01/11,16,17,210.9877
YOR202W,add4,4/26/12,16,9,210.9078
YOR202W,rmkDM,06/18/12,1,12,210.8831
YOR202W,TS2-RT,12/01/11,10,1,210.6947
YOR202W,TS4-RT,12/02/11,1,8,210.5367
YOR202W,TS4-37,12/02/11,16,20,210.5144
YOR202W,TS3-37,12/02/11,7,24,210.4920
YOR202W,7,11/30/11,12,1,210.4909
YOR202W,5,11/30/11,6,1,210.3708
YOR202W,TS2-37,12/01/11,16,17,210.3589
YOR202W,5,11/30/11,10,1,210.3507
YOR202W,TS4-RT,12/02/11,16,17,210.0624
YOR202W,3,11/19/11,16,19,209.7120
YOR202W,S1,11/19/11,11,2,209.6402
YOR202W,7,11/30/11,16,20,209.4283
YOR202W,add4,4/26/12,8,1,209.3956
YOR202W,S2,12/11/11,2,21,208.5444
YOR202W,S2,12/11/11,16,4,208.4581
YOR202W,TS4-37,12/02/11,1,8,208.4052
YOR202W,TS4-37,12/02/11,1,9,208.1977
YOR202W,4,11/29/11,4,1,208.0569
YOR202W,6,11/30/11,16,13,207.9728
YOR202W,TS4-37,12/02/11,9,24,207.4873
YOR202W,10,12/10/11,1,18,207.3006
YOR202W,2,11/29/11,1,17,207.1337
YOR202W,7,11/30/11,12,24,206.9050
YOR202W,S1,11/19/11,15,22,206.6870
YOR202W,add4,4/26/12,1,22,206.5309
YOR202W,3,11/19/11,2,24,206.4716
YOR202W,1,11/29/11,16,5,206.4311
YOR202W,2,11/29/11,2,24,206.4259
YOR202W,14,12/11/11,15,3,206.3579
YOR202W,TS1-37,12/01/11,16,12,206.3191
YOR202W,TS2-37,12/01/11,1,6,205.8879
YOR202W,3,11/19/11,16,7,205.7479
YOR202W,7,11/30/11,16,24,205.4841
YOR202W,TS4-37,12/02/11,1,23,205.4731
YOR202W,9,12/09/11,13,24,205.3929
YOR202W,S1,11/19/11,15,4,205.3413
YOR202W,1,11/29/11,16,16,205.3131
YOR202W,7,11/30/11,1,23,205.0989
YOR202W,TS2-37,12/01/11,13,24,204.9333
YOR202W,7,11/30/11,15,24,204.9221
YOR202W,add1,4/26/12,16,18,204.8068
YOR202W,7,11/30/11,16,1,204.3569
YOR202W,TS1-37,12/01/11,1,24,204.2878
YOR202W,TS1-37,12/01/11,8,24,204.2725
YOR202W,7,11/30/11,2,24,203.9267
YOR202W,6,11/30/11,2,1,203.7762
YOR202W,rmkDM,06/19/12,8,1,203.7318
YOR202W,6,11/30/11,6,24,203.6916
YOR202W,11,12/10/11,9,24,203.6851
YOR202W,5,11/30/11,2,1,203.6648
YOR202W,S2,12/11/11,8,16,203.5763
YOR202W,TS4-37,12/02/11,16,3,203.4034
YOR202W,TS2-37,12/01/11,1,15,203.3985
YOR202W,TS1-RT,12/01/11,3,1,203.3646
YOR202W,12,12/09/11,1,20,203.2753
YOR202W,12,12/09/11,1,7,203.0823
YOR202W,TS2-RT,12/01/11,16,24,203.0439
YOR202W,rmkDM,06/19/12,14,1,203.0193
YOR202W,add4,4/26/12,14,1,202.9214
YOR202W,S1,11/19/11,15,24,202.5845
YOR202W,TS1-37,12/01/11,3,24,202.5745
YOR202W,TS4-RT,12/02/11,5,24,202.5047
YOR202W,8,11/30/11,2,1,202.0628
YOR202W,add1,4/26/12,3,24,202.0121
YOR202W,TS1-RT,12/01/11,16,15,201.5919
YOR202W,6,11/30/11,16,3,201.4769
YOR202W,14,12/11/11,16,15,201.2464
YOR202W,add4,4/26/12,7,1,201.1277
YOR202W,TS1-37,12/01/11,1,13,200.9158
YOR202W,5,11/30/11,16,10,200.8180
YOR202W,5,11/30/11,16,13,200.6533
YOR202W,TS2-RT,12/01/11,16,16,200.6499
YOR202W,14,12/11/11,1,23,200.5557
YOR202W,9,12/09/11,3,1,200.4270
YOR202W,6,11/30/11,8,1,200.2220
YOR202W,S1,11/19/11,1,8,200.1403
YOR202W,TS1-RT,12/01/11,5,1,199.8262
YOR202W,add1,4/26/12,10,24,199.7652
YOR202W,S1,11/19/11,1,22,199.4599
YOR202W,TS3-RT,12/02/11,1,17,199.3838
YOR202W,TS3-RT,12/02/11,1,12,199.3692
YOR202W,12,12/09/11,7,24,199.2770
YOR202W,10,12/10/11,5,1,199.1043
YOR202W,7,11/30/11,16,8,199.0757
YOR202W,TS2-RT,12/01/11,16,8,199.0644
YOR202W,9,12/09/11,1,21,198.9586
YOR202W,TS1-RT,12/01/11,6,1,198.6102
YOR202W,13,12/11/11,16,2,198.3382
YOR202W,rmkDM,06/18/12,1,4,198.2431
YOR202W,TS1-37,12/01/11,1,4,198.1795
YOR202W,TS1-37,12/01/11,13,24,198.1496
YOR202W,2,11/29/11,4,24,198.1060
YOR202W,11,12/10/11,16,21,198.0223
YOR202W,2,11/29/11,1,13,197.9030
YOR202W,TS2-37,12/01/11,9,24,197.8991
YOR202W,TS3-RT,12/02/11,15,1,197.4134
YOR202W,TS1-RT,12/01/11,8,1,197.2685
YOR202W,11,12/10/11,7,1,197.2405
YOR202W,2,11/29/11,1,1,197.0927
YOR202W,2,11/29/11,1,6,196.9553
YOR202W,6,11/30/11,4,24,196.8682
YOR202W,add1,4/26/12,16,24,196.8468
YOR202W,11,12/10/11,1,22,196.8278
YOR202W,6,11/30/11,16,8,196.7922
YOR202W,7,11/30/11,16,16,196.7186
YOR202W,S1,11/19/11,1,24,196.7128
YOR202W,6,11/30/11,10,24,196.6733
YOR202W,S1,11/19/11,16,22,196.3478
YOR202W,3,11/19/11,16,16,196.2416
YOR202W,S2,12/11/11,11,10,196.1975
YOR202W,rmkDM,06/18/12,1,15,196.0767
YOR202W,6,11/30/11,14,24,196.0028
YOR202W,6,11/30/11,2,24,195.8965
YOR202W,7,11/30/11,16,12,195.7256
YOR202W,TS1-RT,12/01/11,11,1,195.6757
YOR202W,rmkDM,06/19/12,12,1,195.5626
YOR202W,TS3-RT,12/02/11,1,7,195.5181
YOR202W,S1,11/19/11,11,14,195.3414
YOR202W,8,11/30/11,16,13,194.6436
YOR202W,12,12/09/11,1,5,194.3264
YOR202W,6,11/30/11,16,11,194.2309
YOR202W,10,12/10/11,1,6,194.1866
YOR202W,12,12/09/11,1,3,194.1249
YOR202W,7,11/30/11,16,14,194.0836
YOR202W,6,11/30/11,14,1,193.9144
YOR202W,10,12/10/11,1,23,193.5311
YOR202W,9,12/09/11,16,3,193.5258
YOR202W,8,11/30/11,16,8,193.3188
YOR202W,S1,11/19/11,1,5,193.0012
YOR202W,1,11/29/11,1,17,192.8244
YOR202W,S1,11/19/11,1,11,192.8041
YOR202W,TS2-37,12/01/11,3,24,192.7419
YOR202W,add1,4/26/12,4,24,192.7195
YOR202W,rmkDM,06/19/12,16,12,192.7104
YOR202W,rmkDM,06/18/12,7,24,192.5980
YOR202W,S1,11/19/11,9,11,192.3077
YOR202W,rmkDM,06/19/12,10,1,192.1776
YOR202W,6,11/30/11,16,5,192.1353
YOR202W,rmkDM,06/18/12,1,14,192.0006
YOR202W,S1,11/19/11,1,6,191.9549
YOR202W,4,11/29/11,5,1,191.7722
YOR202W,add4,4/26/12,8,24,191.7413
YOR202W,TS4-37,12/02/11,13,24,191.5205
YOR202W,TS4-RT,12/02/11,16,20,191.2628
YOR202W,TS3-37,12/02/11,13,24,191.2261
YOR202W,rmkDM,06/18/12,1,9,191.2220
YOR202W,6,11/30/11,16,19,191.2204
YOR202W,add4,4/26/12,12,1,191.1110
YOR202W,7,11/30/11,16,5,191.0793
YOR202W,rmkDM,06/18/12,1,7,190.9443
YOR202W,TS1-RT,12/01/11,7,1,190.1593
YOR202W,TS2-37,12/01/11,1,1,190.1269
YOR202W,rmkDM,06/18/12,1,2,189.9413
YOR202W,TS1-RT,12/01/11,16,2,189.8609
YOR202W,TS2-37,12/01/11,1,12,189.7985
YOR202W,add1,4/26/12,10,1,189.6790
YOR202W,6,11/30/11,4,1,189.1704
YOR202W,add4,4/26/12,3,1,189.0104
YOR202W,rmkDM,06/19/12,16,6,188.8366
YOR202W,TS2-37,12/01/11,1,21,188.8301
YOR202W,13,12/11/11,11,24,188.7868
YOR202W,1,11/29/11,5,1,188.7026
YOR202W,rmkDM,06/19/12,16,1,188.4712
YOR202W,TS2-RT,12/01/11,16,22,188.4171
YOR202W,TS4-37,12/02/11,9,1,188.3995
YOR202W,S1,11/19/11,16,21,188.1418
YOR202W,1,11/29/11,9,24,188.0632
YOR202W,TS4-RT,12/02/11,16,6,187.9244
YOR202W,S1,11/19/11,16,6,187.8957
YOR202W,TS1-37,12/01/11,16,21,187.8212
YOR202W,TS2-RT,12/01/11,7,1,187.6989
YOR202W,TS4-RT,12/02/11,16,10,187.6509
YOR202W,rmkDM,06/19/12,16,10,187.4135
YOR202W,7,11/30/11,14,1,187.1863
YOR202W,6,11/30/11,16,16,187.1741
YOR202W,1,11/29/11,1,10,187.0432
YOR202W,8,11/30/11,16,2,186.8496
YOR202W,rmkDM,06/18/12,1,21,186.8041
YOR202W,TS3-37,12/02/11,16,21,186.6275
YOR202W,S2,12/11/11,8,11,186.5196
YOR202W,6,11/30/11,16,6,186.4577
YOR202W,TS3-37,12/02/11,16,5,186.2794
YOR202W,7,11/30/11,16,6,186.1076
YOR202W,6,11/30/11,1,24,186.0494
YOR202W,TS1-RT,12/01/11,12,1,185.5798
YOR202W,6,11/30/11,16,12,185.5470
YOR202W,14,12/11/11,14,24,185.3908
YOR202W,add4,4/26/12,16,8,185.3177
YOR202W,add1,4/26/12,13,24,185.1889
YOR202W,11,12/10/11,16,22,185.1639
YOR202W,4,11/29/11,16,23,185.1516
YOR202W,7,11/30/11,1,18,185.1191
YOR202W,S1,11/19/11,5,12,185.0690
YOR202W,4,11/29/11,16,12,185.0296
YOR202W,8,11/30/11,10,1,184.9791
YOR202W,S1,11/19/11,9,19,184.4367
YOR202W,TS4-37,12/02/11,6,1,184.4041
YOR202W,TS2-37,12/01/11,2,1,184.2999
YOR202W,5,11/30/11,16,1,184.1158
YOR202W,S1,11/19/11,8,1,183.9489
YOR202W,S2,12/11/11,1,6,183.9462
YOR202W,14,12/11/11,8,24,183.8933
YOR202W,TS2-RT,12/01/11,16,14,183.7478
YOR202W,S1,11/19/11,16,8,183.7281
YOR202W,6,11/30/11,12,24,183.5292
YOR202W,TS1-RT,12/01/11,4,1,183.4792
YOR202W,rmkDM,06/18/12,1,19,183.4259
YOR202W,11,12/10/11,2,24,183.1385
YOR202W,7,11/30/11,16,3,183.1361
YOR202W,9,12/09/11,1,3,183.1187
YOR202W,7,11/30/11,16,7,183.1152
YOR202W,5,11/30/11,16,12,182.9242
YOR202W,6,11/30/11,16,17,182.8399
YOR202W,7,11/30/11,10,24,182.8197
YOR202W,TS2-37,12/01/11,16,16,182.7629
YOR202W,11,12/10/11,16,13,182.6961
YOR202W,TS3-37,12/02/11,8,1,182.3618
YOR202W,9,12/09/11,16,6,182.3354
YOR202W,TS3-RT,12/02/11,1,20,182.3168
YOR202W,5,11/30/11,1,10,182.2895
YOR202W,S2,12/11/11,9,5,182.2363
YOR202W,rmkDM,06/18/12,1,17,182.2133
YOR202W,5,11/30/11,16,5,181.9348
YOR202W,S1,11/19/11,10,19,181.9292
YOR202W,rmkDM,06/19/12,6,1,181.9021
YOR202W,TS4-RT,12/02/11,13,24,181.6114
YOR202W,9,12/09/11,9,1,181.5996
YOR202W,S1,11/19/11,1,7,181.3440
YOR202W,add1,4/26/12,6,1,181.3068
YOR202W,11,12/10/11,16,23,181.2617
YOR202W,7,11/30/11,16,22,181.1528
YOR202W,10,12/10/11,16,2,181.0926
YOR202W,S2,12/11/11,9,21,180.9054
YOR202W,4,11/29/11,2,1,180.8546
YOR202W,11,12/10/11,16,24,180.7213
YOR202W,13,12/11/11,1,16,180.6558
YOR202W,add1,4/26/12,8,24,180.4849
YOR202W,7,11/30/11,4,1,180.4208
YOR202W,6,11/30/11,16,10,180.3923
YOR202W,TS1-RT,12/01/11,1,4,180.2387
YOR202W,rmkDM,06/19/12,16,7,180.0335
YOR202W,12,12/09/11,16,16,179.9751
YOR202W,2,11/29/11,2,1,179.9749
YOR202W,add1,4/26/12,13,1,179.8138
YOR202W,rmkDM,06/18/12,1,10,179.7708
YOR202W,TS4-RT,12/02/11,16,24,179.7532
YOR202W,TS4-37,12/02/11,16,1,179.7291
YOR202W,TS1-37,12/01/11,1,10,179.6648
YOR202W,10,12/10/11,14,24,179.3304
YOR202W,1,11/29/11,14,1,179.3297
YOR202W,13,12/11/11,6,1,179.2182
YOR202W,TS1-37,12/01/11,12,24,179.1884
YOR202W,add4,4/26/12,16,6,179.1588
YOR202W,7,11/30/11,2,1,178.9970
YOR202W,7,11/30/11,16,10,178.9660
YOR202W,7,11/30/11,16,15,178.9526
YOR202W,6,11/30/11,3,24,178.9003
YOR202W,TS1-RT,12/01/11,1,5,178.8997
YOR202W,TS1-RT,12/01/11,1,2,178.8281
YOR202W,5,11/30/11,16,7,178.7470
YOR202W,6,11/30/11,1,9,178.7240
YOR202W,2,11/29/11,16,10,178.7094
YOR202W,TS2-RT,12/01/11,5,1,178.6907
YOR202W,TS2-RT,12/01/11,16,3,178.6423
YOR202W,8,11/30/11,16,6,178.6158
YOR202W,add1,4/26/12,1,16,178.5841
YOR202W,TS1-RT,12/01/11,13,1,178.3704
YOR202W,TS1-RT,12/01/11,1,12,178.1017
YOR202W,TS2-RT,12/01/11,14,1,178.0204
YOR202W,TS2-37,12/01/11,1,19,177.9920
YOR202W,14,12/11/11,1,2,177.9333
YOR202W,8,11/30/11,12,24,177.8007
YOR202W,TS1-RT,12/01/11,1,10,177.7047
YOR202W,rmkDM,06/18/12,1,11,177.6571
YOR202W,S2,12/11/11,15,24,177.5548
YOR202W,8,11/30/11,1,19,177.4542
YOR202W,4,11/29/11,1,8,177.2641
YOR202W,6,11/30/11,16,9,176.9545
YOR202W,12,12/09/11,1,12,176.9446
YOR202W,add1,4/26/12,16,10,176.9002
YOR202W,5,11/30/11,14,1,176.8035
YOR202W,TS2-37,12/01/11,15,1,176.7335
YOR202W,S2,12/11/11,1,22,176.4033
YOR202W,S1,11/19/11,13,2,176.2594
YOR202W,TS2-RT,12/01/11,8,1,176.1518
YOR202W,9,12/09/11,16,4,176.0438
YOR202W,TS2-37,12/01/11,16,10,175.9870
YOR202W,2,11/29/11,13,1,175.9432
YOR202W,5,11/30/11,16,2,175.8369
YOR202W,TS1-RT,12/01/11,16,1,175.8247
YOR202W,S1,11/19/11,9,1,175.6986
YOR202W,12,12/09/11,9,24,175.6741
YOR202W,TS1-RT,12/01/11,16,11,175.6714
YOR202W,TS2-RT,12/01/11,10,24,175.4717
YOR202W,TS1-37,12/01/11,16,17,175.4294
YOR202W,TS1-RT,12/01/11,1,14,175.3051
YOR202W,8,11/30/11,1,21,175.1650
YOR202W,10,12/10/11,7,1,175.1151
YOR202W,4,11/29/11,4,24,175.0255
YOR202W,12,12/09/11,1,23,174.9487
YOR202W,TS4-37,12/02/11,11,1,174.7612
YOR202W,3,11/19/11,16,18,174.7573
YOR202W,1,11/29/11,1,11,174.5748
YOR202W,TS1-37,12/01/11,10,24,174.3908
YOR202W,S2,12/11/11,5,8,174.3605
YOR202W,TS4-37,12/02/11,16,21,174.3231
YOR202W,TS1-RT,12/01/11,1,15,174.2776
YOR202W,S2,12/11/11,6,1,174.1590
YOR202W,add1,4/26/12,1,10,173.9288
YOR202W,S1,11/19/11,16,23,173.9117
YOR202W,TS1-RT,12/01/11,16,3,173.7556
YOR202W,TS1-RT,12/01/11,9,1,173.1729
YOR202W,11,12/10/11,6,24,173.1531
YOR202W,TS1-RT,12/01/11,1,3,172.9034
YOR202W,TS3-37,12/02/11,2,1,172.8702
YOR202W,4,11/29/11,12,24,172.8543
YOR202W,add4,4/26/12,9,1,172.8518
YOR202W,S2,12/11/11,4,18,172.7809
YOR202W,4,11/29/11,1,18,172.7103
YOR202W,TS2-37,12/01/11,1,8,172.6270
YOR202W,11,12/10/11,1,23,172.5709
YOR202W,TS3-37,12/02/11,1,3,172.4958
YOR202W,TS1-RT,12/01/11,15,1,172.4837
YOR202W,rmkDM,06/19/12,4,1,172.4697
YOR202W,add1,4/26/12,11,1,172.4608
YOR202W,6,11/30/11,16,21,172.4390
YOR202W,rmkDM,06/19/12,16,5,172.3956
YOR202W,5,11/30/11,8,1,172.2934
YOR202W,TS3-37,12/02/11,4,1,172.1955
YOR202W,10,12/10/11,1,24,172.1769
YOR202W,add1,4/26/12,16,3,171.9813
YOR202W,TS2-RT,12/01/11,16,1,171.9587
YOR202W,6,11/30/11,1,21,171.8740
YOR202W,TS3-RT,12/02/11,16,17,171.8270
YOR202W,add1,4/26/12,16,4,171.8211
YOR202W,7,11/30/11,16,9,171.8187
YOR202W,3,11/19/11,16,1,171.6411
YOR202W,S1,11/19/11,16,4,171.6354
YOR202W,S1,11/19/11,1,1,171.4483
YOR202W,TS1-RT,12/01/11,16,5,171.4337
YOR202W,TS2-37,12/01/11,1,18,171.3189
YOR202W,TS1-37,12/01/11,16,20,171.1011
YOR202W,4,11/29/11,1,7,171.0230
YOR202W,TS2-37,12/01/11,16,22,170.9971
YOR202W,S1,11/19/11,3,1,170.8365
YOR202W,3,11/19/11,8,1,170.8097
YOR202W,TS4-37,12/02/11,16,17,170.7540
YOR202W,add1,4/26/12,16,1,170.6986
YOR202W,2,11/29/11,1,18,170.3250
YOR202W,7,11/30/11,16,19,170.2777
YOR202W,TS2-RT,12/01/11,12,24,170.2249
YOR202W,TS3-RT,12/02/11,1,22,170.1964
YOR202W,7,11/30/11,16,11,170.1049
YOR202W,S2,12/11/11,2,1,169.9183
YOR202W,TS4-RT,12/02/11,16,8,169.8895
YOR202W,1,11/29/11,1,20,169.8380
YOR202W,S1,11/19/11,1,16,169.7246
YOR202W,add1,4/26/12,16,23,169.6893
YOR202W,2,11/29/11,1,20,169.6627
YOR202W,TS4-37,12/02/11,16,24,169.5718
YOR202W,2,11/29/11,1,9,169.5566
YOR202W,6,11/30/11,16,7,169.5252
YOR202W,5,11/30/11,16,11,169.1990
YOR202W,TS4-RT,12/02/11,16,22,169.0750
YOR202W,4,11/29/11,16,20,168.9764
YOR202W,14,12/11/11,6,1,168.9620
YOR202W,TS1-RT,12/01/11,1,8,168.9318
YOR202W,S1,11/19/11,12,21,168.9218
YOR202W,11,12/10/11,16,17,168.8902
YOR202W,11,12/10/11,2,1,168.8332
YOR202W,5,11/30/11,16,4,168.7467
YOR202W,add1,4/26/12,1,14,168.5858
YOR202W,8,11/30/11,10,24,168.4541
YOR202W,TS2-37,12/01/11,1,16,168.3889
YOR202W,add1,4/26/12,16,19,168.3355
YOR202W,2,11/29/11,10,24,168.3096
YOR202W,13,12/11/11,16,6,168.1327
YOR202W,add1,4/26/12,11,24,168.0650
YOR202W,TS1-RT,12/01/11,16,16,168.0406
YOR202W,10,12/10/11,16,4,167.9452
YOR202W,TS4-37,12/02/11,16,6,167.8968
YOR202W,10,12/10/11,1,20,167.8426
YOR202W,1,11/29/11,16,23,167.6879
YOR202W,TS2-RT,12/01/11,12,1,167.5746
YOR202W,rmkDM,06/19/12,16,16,167.5553
YOR202W,7,11/30/11,6,1,167.4795
YOR202W,add1,4/26/12,16,16,167.2236
YOR202W,rmkDM,06/19/12,2,1,166.9715
YOR202W,7,11/30/11,16,4,166.7417
YOR202W,S1,11/19/11,4,24,166.7416
YOR202W,S1,11/19/11,3,18,166.7098
YOR202W,TS2-RT,12/01/11,6,1,166.5843
YOR202W,S1,11/19/11,14,1,166.4576
YOR202W,S1,11/19/11,8,5,166.4002
YOR202W,8,11/30/11,1,2,166.3191
YOR202W,11,12/10/11,12,24,166.1524
YOR202W,add1,4/26/12,16,12,166.0048
YOR202W,TS4-37,12/02/11,12,24,165.9423
YOR202W,5,11/30/11,4,24,165.8828
YOR202W,10,12/10/11,13,1,165.8176
YOR202W,5,11/30/11,16,3,165.7202
YOR202W,rmkDM,06/19/12,16,14,165.6339
YOR202W,3,11/19/11,15,1,165.4289
YOR202W,TS4-37,12/02/11,16,11,165.3652
YOR202W,S1,11/19/11,13,17,165.3425
YOR202W,S1,11/19/11,1,14,165.3221
YOR202W,8,11/30/11,16,10,165.2363
YOR202W,rmkDM,06/18/12,1,16,165.1059
YOR202W,12,12/09/11,11,1,165.0375
YOR202W,S2,12/11/11,13,21,164.9576
YOR202W,S1,11/19/11,5,5,164.8994
YOR202W,TS1-RT,12/01/11,16,6,164.8708
YOR202W,TS2-RT,12/01/11,16,7,164.8601
YOR202W,TS1-37,12/01/11,15,1,164.7544
YOR202W,TS1-RT,12/01/11,2,1,164.6827
YOR202W,8,11/30/11,16,4,164.6770
YOR202W,S1,11/19/11,1,13,164.6517
YOR202W,12,12/09/11,14,24,164.6022
YOR202W,rmkDM,06/18/12,9,24,164.2756
YOR202W,add4,4/26/12,1,4,164.2110
YOR202W,TS3-RT,12/02/11,13,1,164.1438
YOR202W,11,12/10/11,16,8,164.1330
YOR202W,S2,12/11/11,7,21,164.1267
YOR202W,4,11/29/11,16,1,163.8597
YOR202W,TS4-37,12/02/11,11,24,163.6939
YOR202W,11,12/10/11,1,5,163.6574
YOR202W,12,12/09/11,1,22,163.5764
YOR202W,4,11/29/11,16,5,163.5297
YOR202W,12,12/09/11,1,10,163.4019
YOR202W,TS4-37,12/02/11,16,8,163.3545
YOR202W,TS2-37,12/01/11,1,11,163.2938
YOR202W,add1,4/26/12,15,24,163.0563
YOR202W,add4,4/26/12,16,5,162.9181
YOR202W,3,11/19/11,1,24,162.8294
YOR202W,TS1-37,12/01/11,1,12,162.7959
YOR202W,9,12/09/11,1,2,162.7390
YOR202W,9,12/09/11,1,24,162.7298
YOR202W,S1,11/19/11,5,19,162.7078
YOR202W,3,11/19/11,6,24,162.6742
YOR202W,TS2-RT,12/01/11,4,24,162.6452
YOR202W,S1,11/19/11,16,18,162.6413
YOR202W,TS3-RT,12/02/11,8,24,162.5365
YOR202W,8,11/30/11,16,18,162.5210
YOR202W,TS4-RT,12/02/11,6,24,162.4847
YOR202W,TS2-RT,12/01/11,2,24,162.4814
YOR202W,S1,11/19/11,1,23,162.4242
YOR202W,12,12/09/11,16,17,162.2338
YOR202W,S1,11/19/11,5,16,162.2157
YOR202W,13,12/11/11,16,8,162.1360
YOR202W,7,11/30/11,16,18,162.0419
YOR202W,add4,4/26/12,11,24,162.0275
YOR202W,S1,11/19/11,15,15,162.0230
YOR202W,S2,12/11/11,11,1,161.9928
YOR202W,S1,11/19/11,1,12,161.7431
YOR202W,S2,12/11/11,1,21,161.7248
YOR202W,S1,11/19/11,12,1,161.7209
YOR202W,TS2-RT,12/01/11,13,24,161.6939
YOR202W,TS4-37,12/02/11,16,18,161.6859
YOR202W,TS3-RT,12/02/11,1,4,161.6826
YOR202W,8,11/30/11,11,1,161.6792
YOR202W,rmkDM,06/18/12,1,23,161.6770
YOR202W,1,11/29/11,16,10,161.3585
YOR202W,add1,4/26/12,16,20,161.2977
YOR202W,TS1-RT,12/01/11,1,22,161.1979
YOR202W,12,12/09/11,1,6,161.1775
YOR202W,TS4-37,12/02/11,1,4,161.1568
YOR202W,8,11/30/11,14,24,161.1246
YOR202W,12,12/09/11,1,8,161.0959
YOR202W,6,11/30/11,7,24,160.9726
YOR202W,TS2-RT,12/01/11,2,1,160.9561
YOR202W,add1,4/26/12,16,11,160.9250
YOR202W,S1,11/19/11,13,21,160.8623
YOR202W,rmkDM,06/18/12,1,6,160.8443
YOR202W,2,11/29/11,1,11,160.7865
YOR202W,8,11/30/11,16,9,160.6207
YOR202W,8,11/30/11,16,12,160.6111
YOR202W,S2,12/11/11,1,24,160.5769
YOR202W,10,12/10/11,6,24,160.5312
YOR202W,1,11/29/11,16,13,160.5218
YOR202W,10,12/10/11,8,24,160.4276
YOR202W,8,11/30/11,12,1,160.2994
YOR202W,add4,4/26/12,5,1,160.1980
YOR202W,TS1-37,12/01/11,1,14,160.1237
YOR202W,add4,4/26/12,7,24,160.1224
YOR202W,14,12/11/11,16,14,160.0521
YOR202W,TS4-RT,12/02/11,16,14,160.0423
YOR202W,TS4-RT,12/02/11,1,21,159.9772
YOR202W,S2,12/11/11,7,1,159.9709
YOR202W,add4,4/26/12,1,23,159.9595
YOR202W,S2,12/11/11,9,1,159.8856
YOR202W,6,11/30/11,1,22,159.7916
YOR202W,S2,12/11/11,1,19,159.7537
YOR202W,9,12/09/11,16,17,159.6452
YOR202W,S2,12/11/11,14,2,159.5726
YOR202W,7,11/30/11,16,13,159.5615
YOR202W,add4,4/26/12,6,1,159.5551
YOR202W,TS2-37,12/01/11,1,9,159.5143
YOR202W,TS4-37,12/02/11,16,15,159.4638
YOR202W,TS2-RT,12/01/11,16,2,159.3568
YOR202W,11,12/10/11,1,15,159.2112
YOR202W,TS3-RT,12/02/11,6,24,159.1929
YOR202W,14,12/11/11,15,7,159.1313
YOR202W,S1,11/19/11,1,9,159.0506
YOR202W,6,11/30/11,1,1,158.9804
YOR202W,TS4-RT,12/02/11,15,1,158.7851
YOR202W,14,12/11/11,16,10,158.7257
YOR202W,8,11/30/11,1,20,158.6525
YOR202W,S2,12/11/11,16,2,158.5896
YOR202W,S1,11/19/11,13,1,158.5195
YOR202W,rmkDM,06/19/12,16,4,158.4920
YOR202W,rmkDM,06/19/12,16,11,158.4636
YOR202W,rmkDM,06/19/12,16,3,158.4285
YOR202W,10,12/10/11,15,1,158.3231
YOR202W,add4,4/26/12,9,24,158.2797
YOR202W,6,11/30/11,11,1,158.1093
YOR202W,TS4-37,12/02/11,16,16,158.0369
YOR202W,7,11/30/11,7,1,157.9621
YOR202W,TS4-RT,12/02/11,16,16,157.8187
YOR202W,add1,4/26/12,16,5,157.7903
YOR202W,add1,4/26/12,5,24,157.7439
YOR202W,3,11/19/11,12,24,157.7249
YOR202W,TS1-RT,12/01/11,16,20,157.6794
YOR202W,S1,11/19/11,9,24,157.6215
YOR202W,4,11/29/11,1,1,157.5632
YOR202W,12,12/09/11,10,24,157.5113
YOR202W,S1,11/19/11,1,19,157.5070
YOR202W,7,11/30/11,1,16,157.2832
YOR202W,TS4-RT,12/02/11,16,12,157.2025
YOR202W,2,11/29/11,12,1,157.1035
YOR202W,7,11/30/11,16,2,157.0886
YOR202W,TS3-37,12/02/11,1,6,156.8900
YOR202W,TS4-37,12/02/11,1,19,156.8681
YOR202W,add4,4/26/12,1,14,156.8512
YOR202W,add4,4/26/12,11,1,156.8435
YOR202W,1,11/29/11,7,1,156.6874
YOR202W,S2,12/11/11,6,24,156.6811
YOR202W,8,11/30/11,1,10,156.6661
YOR202W,TS2-RT,12/01/11,1,5,156.6416
YOR202W,9,12/09/11,16,20,156.5402
YOR202W,TS3-37,12/02/11,1,12,156.5196
YOR202W,6,11/30/11,9,24,156.3417
YOR202W,add1,4/26/12,7,24,156.2875
YOR202W,add4,4/26/12,1,7,156.2736
YOR202W,3,11/19/11,1,1,156.2609
YOR202W,6,11/30/11,1,20,156.1426
YOR202W,4,11/29/11,16,18,156.1216
YOR202W,12,12/09/11,6,24,155.9755
YOR202W,TS4-RT,12/02/11,1,10,155.9002
YOR202W,TS4-RT,12/02/11,6,1,155.8933
YOR202W,TS2-37,12/01/11,16,5,155.8733
YOR202W,TS2-37,12/01/11,1,13,155.8399
YOR202W,6,11/30/11,16,20,155.7966
YOR202W,TS3-37,12/02/11,16,1,155.6737
YOR202W,TS1-RT,12/01/11,1,6,155.4893
YOR202W,7,11/30/11,16,21,155.4237
YOR202W,4,11/29/11,16,22,155.3977
YOR202W,TS2-RT,12/01/11,16,12,155.3847
YOR202W,13,12/11/11,8,24,155.3828
YOR202W,6,11/30/11,1,3,155.2747
YOR202W,TS2-RT,12/01/11,1,4,155.2434
YOR202W,5,11/30/11,16,24,155.2415
YOR202W,S2,12/11/11,1,1,155.2122
YOR202W,S2,12/11/11,8,7,155.1812
YOR202W,S1,11/19/11,7,1,155.1795
YOR202W,TS1-RT,12/01/11,16,9,155.1373
YOR202W,TS2-RT,12/01/11,9,1,155.1129
YOR202W,TS3-RT,12/02/11,1,8,155.0906
YOR202W,4,11/29/11,3,24,155.0232
YOR202W,add4,4/26/12,1,16,155.0210
YOR202W,TS3-RT,12/02/11,11,1,155.0093
YOR202W,S1,11/19/11,2,21,154.9946
YOR202W,12,12/09/11,13,24,154.9106
YOR202W,10,12/10/11,16,7,154.8456
YOR202W,S2,12/11/11,1,14,154.8078
YOR202W,9,12/09/11,11,1,154.7818
YOR202W,8,11/30/11,16,16,154.7303
YOR202W,add4,4/26/12,16,19,154.6660
YOR202W,4,11/29/11,1,6,154.5830
YOR202W,3,11/19/11,13,1,154.5398
YOR202W,11,12/10/11,1,10,154.1217
YOR202W,rmkDM,06/19/12,16,24,154.0884
YOR202W,rmkDM,06/18/12,3,24,154.0218
YOR202W,TS1-RT,12/01/11,10,1,153.9691
YOR202W,3,11/19/11,5,1,153.9403
YOR202W,8,11/30/11,16,15,153.8964
YOR202W,rmkDM,06/18/12,11,24,153.8639
YOR202W,TS3-37,12/02/11,12,1,153.8567
YOR202W,TS3-RT,12/02/11,2,24,153.7937
YOR202W,add4,4/26/12,1,24,153.7751
YOR202W,TS3-RT,12/02/11,1,3,153.5763
YOR202W,12,12/09/11,1,24,153.4621
YOR202W,TS2-RT,12/01/11,11,1,153.4299
YOR202W,TS3-RT,12/02/11,1,5,153.4203
YOR202W,add1,4/26/12,1,19,153.3695
YOR202W,4,11/29/11,1,12,153.3549
YOR202W,add1,4/26/12,16,22,153.3343
YOR202W,14,12/11/11,13,1,153.3118
YOR202W,TS2-RT,12/01/11,15,1,153.2991
YOR202W,8,11/30/11,16,3,153.2775
YOR202W,4,11/29/11,8,1,153.1430
YOR202W,10,12/10/11,16,20,153.0940
YOR202W,7,11/30/11,1,22,153.0451
YOR202W,S1,11/19/11,16,20,152.9855
YOR202W,6,11/30/11,1,6,152.8539
YOR202W,14,12/11/11,1,16,152.8430
YOR202W,S1,11/19/11,1,10,152.8319
YOR202W,add4,4/26/12,14,24,152.8301
YOR202W,add1,4/26/12,16,8,152.7953
YOR202W,TS2-RT,12/01/11,9,24,152.7640
YOR202W,TS3-RT,12/02/11,16,19,152.5896
YOR202W,rmkDM,06/18/12,1,18,152.5824
YOR202W,S1,11/19/11,10,11,152.5808
YOR202W,7,11/30/11,16,17,152.5706
YOR202W,5,11/30/11,1,1,152.5580
YOR202W,TS1-RT,12/01/11,1,7,152.5114
YOR202W,9,12/09/11,1,5,152.4909
YOR202W,8,11/30/11,6,24,152.4613
YOR202W,rmkDM,06/19/12,16,8,152.4567
YOR202W,11,12/10/11,10,1,152.4479
YOR202W,3,11/19/11,4,24,152.4249
YOR202W,11,12/10/11,1,13,152.3399
YOR202W,S1,11/19/11,10,1,152.2388
YOR202W,add4,4/26/12,16,18,152.1976
YOR202W,S2,12/11/11,1,9,152.1832
YOR202W,12,12/09/11,16,23,152.0591
YOR202W,TS2-37,12/01/11,16,12,152.0371
YOR202W,TS3-RT,12/02/11,3,1,152.0363
YOR202W,6,11/30/11,1,2,151.9779
YOR202W,TS2-37,12/01/11,7,1,151.9532
YOR202W,S1,11/19/11,1,3,151.8277
YOR202W,14,12/11/11,16,18,151.7132
YOR202W,14,12/11/11,16,24,151.6230
YOR202W,TS3-37,12/02/11,6,1,151.6125
YOR202W,S1,11/19/11,1,21,151.5406
YOR202W,TS2-RT,12/01/11,1,6,151.4886
YOR202W,11,12/10/11,8,24,151.4609
YOR202W,4,11/29/11,16,17,151.4305
YOR202W,10,12/10/11,16,11,151.3381
YOR202W,13,12/11/11,16,7,151.2835
YOR202W,S1,11/19/11,16,9,151.2220
YOR202W,2,11/29/11,16,2,151.1671
YOR202W,TS3-RT,12/02/11,5,24,151.1196
YOR202W,add4,4/26/12,13,24,151.1191
YOR202W,S1,11/19/11,6,1,151.0641
YOR202W,add4,4/26/12,16,13,151.0422
YOR202W,5,11/30/11,1,12,150.9236
YOR202W,13,12/11/11,1,18,150.9141
YOR202W,5,11/30/11,1,21,150.8693
YOR202W,14,12/11/11,16,13,150.8245
YOR202W,2,11/29/11,16,9,150.7989
YOR202W,4,11/29/11,15,24,150.7460
YOR202W,1,11/29/11,1,15,150.7350
YOR202W,TS3-RT,12/02/11,9,1,150.7225
YOR202W,7,11/30/11,5,24,150.6388
YOR202W,TS4-RT,12/02/11,1,24,150.6342
YOR202W,TS1-37,12/01/11,6,1,150.5854
YOR202W,S1,11/19/11,1,15,150.5463
YOR202W,4,11/29/11,14,24,150.5343
YOR202W,7,11/30/11,8,1,150.5201
YOR202W,S1,11/19/11,5,23,150.4808
YOR202W,2,11/29/11,16,21,150.4430
YOR202W,TS1-RT,12/01/11,16,12,150.3391
YOR202W,3,11/19/11,16,13,150.3377
YOR202W,8,11/30/11,7,24,150.2076
YOR202W,TS3-RT,12/02/11,1,11,150.1044
YOR202W,S1,11/19/11,15,12,150.0771
YOR202W,TS1-37,12/01/11,7,1,150.0702
YOR202W,TS2-37,12/01/11,16,19,150.0087
YOR202W,9,12/09/11,1,8,150.0081
YOR202W,4,11/29/11,2,24,149.9742
YOR202W,TS1-37,12/01/11,2,1,149.9696
YOR202W,4,11/29/11,6,1,149.9672
YOR202W,TS3-RT,12/02/11,16,12,149.9252
YOR202W,12,12/09/11,16,4,149.8905
YOR202W,TS1-RT,12/01/11,1,9,149.8775
YOR202W,TS3-37,12/02/11,16,9,149.7624
YOR202W,add4,4/26/12,1,9,149.7032
YOR202W,add4,4/26/12,1,6,149.6457
YOR202W,rmkDM,06/19/12,16,2,149.5949
YOR202W,7,11/30/11,14,24,149.4733
YOR202W,add1,4/26/12,6,24,149.4696
YOR202W,12,12/09/11,2,24,149.4683
YOR202W,8,11/30/11,4,24,149.3493
YOR202W,TS1-RT,12/01/11,16,7,149.2746
YOR202W,S1,11/19/11,16,1,149.2731
YOR202W,add1,4/26/12,12,24,149.2023
YOR202W,TS4-37,12/02/11,1,12,149.0978
YOR202W,2,11/29/11,1,21,149.0883
YOR202W,4,11/29/11,16,10,149.0534
YOR202W,12,12/09/11,14,1,148.9482
YOR202W,11,12/10/11,1,17,148.9120
YOR202W,1,11/29/11,1,6,148.7800
YOR202W,9,12/09/11,16,18,148.6265
YOR202W,rmkDM,06/19/12,2,24,148.4808
YOR202W,add4,4/26/12,1,8,148.4406
YOR202W,14,12/11/11,1,1,148.4139
YOR202W,TS2-RT,12/01/11,8,24,148.4097
YOR202W,TS2-37,12/01/11,16,7,148.3854
YOR202W,S2,12/11/11,16,13,148.3556
YOR202W,add1,4/26/12,16,7,148.2687
YOR202W,TS3-RT,12/02/11,4,1,148.1213
YOR202W,TS1-37,12/01/11,1,2,148.1006
YOR202W,add1,4/26/12,1,9,148.0570
YOR202W,TS4-RT,12/02/11,9,24,147.9658
YOR202W,add1,4/26/12,1,3,147.7181
YOR202W,S2,12/11/11,16,8,147.7021
YOR202W,rmkDM,06/19/12,16,19,147.6668
YOR202W,rmkDM,06/18/12,5,24,147.6188
YOR202W,2,11/29/11,16,24,147.5573
YOR202W,TS3-37,12/02/11,11,1,147.4716
YOR202W,add4,4/26/12,16,17,147.3885
YOR202W,TS4-37,12/02/11,1,7,147.3335
YOR202W,S2,12/11/11,1,7,147.2866
YOR202W,S2,12/11/11,1,12,147.2731
YOR202W,TS3-RT,12/02/11,5,1,147.2569
YOR202W,5,11/30/11,3,24,147.1885
YOR202W,S2,12/11/11,1,2,146.9787
YOR202W,S2,12/11/11,1,5,146.9265
YOR202W,S2,12/11/11,6,18,146.7620
YOR202W,TS4-RT,12/02/11,1,12,146.7545
YOR202W,S1,11/19/11,16,19,146.7543
YOR202W,11,12/10/11,1,6,146.6986
YOR202W,TS2-37,12/01/11,1,10,146.4739
YOR202W,S1,11/19/11,8,24,146.4678
YOR202W,12,12/09/11,1,17,146.4559
YOR202W,TS3-37,12/02/11,16,16,146.4178
YOR202W,add1,4/26/12,15,1,146.4014
YOR202W,9,12/09/11,5,24,146.3042
YOR202W,11,12/10/11,16,19,146.2008
YOR202W,2,11/29/11,5,1,146.1975
YOR202W,TS3-RT,12/02/11,1,15,146.1903
YOR202W,5,11/30/11,13,24,146.1892
YOR202W,add1,4/26/12,1,6,146.1875
YOR202W,add1,4/26/12,2,24,146.1662
YOR202W,14,12/11/11,16,8,146.0692
YOR202W,13,12/11/11,16,3,146.0448
YOR202W,TS4-37,12/02/11,14,24,145.9657
YOR202W,add4,4/26/12,10,1,145.9629
YOR202W,add4,4/26/12,1,18,145.9501
YOR202W,S2,12/11/11,7,8,145.9139
YOR202W,add4,4/26/12,5,24,145.8339
YOR202W,11,12/10/11,7,24,145.7503
YOR202W,8,11/30/11,3,24,145.7271
YOR202W,1,11/29/11,2,1,145.6638
YOR202W,4,11/29/11,16,15,145.6430
YOR202W,add4,4/26/12,1,1,145.6195
YOR202W,S1,11/19/11,1,18,145.6078
YOR202W,12,12/09/11,16,24,145.5634
YOR202W,S1,11/19/11,15,1,145.5424
YOR202W,TS2-37,12/01/11,13,1,145.5195
YOR202W,TS1-RT,12/01/11,16,23,145.4556
YOR202W,S1,11/19/11,16,2,145.4495
YOR202W,6,11/30/11,1,14,145.3409
YOR202W,TS1-37,12/01/11,14,1,145.1972
YOR202W,10,12/10/11,16,23,145.1923
YOR202W,5,11/30/11,16,19,145.0894
YOR202W,TS2-RT,12/01/11,1,10,145.0285
YOR202W,TS3-RT,12/02/11,1,1,144.9132
YOR202W,2,11/29/11,16,14,144.9012
YOR202W,TS4-37,12/02/11,16,19,144.8441
YOR202W,10,12/10/11,2,24,144.8071
YOR202W,TS2-37,12/01/11,5,24,144.7798
YOR202W,12,12/09/11,1,16,144.6994
YOR202W,10,12/10/11,1,12,144.6652
YOR202W,10,12/10/11,16,3,144.6566
YOR202W,add1,4/26/12,1,24,144.5417
YOR202W,9,12/09/11,1,13,144.5237
YOR202W,S1,11/19/11,16,10,144.4659
YOR202W,13,12/11/11,5,24,144.4550
YOR202W,add4,4/26/12,1,5,144.3953
YOR202W,TS3-RT,12/02/11,9,24,144.3174
YOR202W,add4,4/26/12,16,22,144.2842
YOR202W,TS3-37,12/02/11,16,23,144.2200
YOR202W,S1,11/19/11,16,5,144.2147
YOR202W,5,11/30/11,16,22,144.1909
YOR202W,5,11/30/11,1,20,144.1567
YOR202W,7,11/30/11,1,17,144.1139
YOR202W,12,12/09/11,1,2,144.0773
YOR202W,TS2-RT,12/01/11,4,1,144.0527
YOR202W,10,12/10/11,1,10,144.0289
YOR202W,S2,12/11/11,16,24,143.9997
YOR202W,S2,12/11/11,16,3,143.9969
YOR202W,2,11/29/11,1,7,143.9691
YOR202W,TS4-RT,12/02/11,3,1,143.9589
YOR202W,TS1-37,12/01/11,16,1,143.9408
YOR202W,8,11/30/11,16,14,143.9227
YOR202W,9,12/09/11,1,4,143.8450
YOR202W,TS3-RT,12/02/11,1,9,143.8046
YOR202W,4,11/29/11,1,16,143.7622
YOR202W,TS1-37,12/01/11,16,2,143.7549
YOR202W,5,11/30/11,11,24,143.7267
YOR202W,TS2-37,12/01/11,9,1,143.7035
YOR202W,add1,4/26/12,1,20,143.6535
YOR202W,4,11/29/11,1,5,143.6017
YOR202W,TS3-37,12/02/11,1,2,143.5278
YOR202W,10,12/10/11,6,1,143.5272
YOR202W,10,12/10/11,1,14,143.5243
YOR202W,S1,11/19/11,1,17,143.4748
YOR202W,14,12/11/11,1,11,143.3988
YOR202W,2,11/29/11,16,12,143.3413
YOR202W,add4,4/26/12,1,17,143.2557
YOR202W,7,11/30/11,9,1,143.2407
YOR202W,2,11/29/11,1,8,143.2143
YOR202W,2,11/29/11,16,11,143.1889
YOR202W,add4,4/26/12,1,10,143.1827
YOR202W,S2,12/11/11,1,3,143.1679
YOR202W,TS4-RT,12/02/11,14,1,143.1636
YOR202W,S2,12/11/11,1,23,143.1568
YOR202W,TS3-37,12/02/11,1,7,143.1564
YOR202W,TS2-RT,12/01/11,1,14,143.0335
YOR202W,10,12/10/11,1,15,143.0145
YOR202W,S2,12/11/11,13,4,142.9625
YOR202W,10,12/10/11,1,19,142.9177
YOR202W,7,11/30/11,1,12,142.8656
YOR202W,TS2-RT,12/01/11,1,24,142.7870
YOR202W,4,11/29/11,15,1,142.7537
YOR202W,rmkDM,06/18/12,1,22,142.7175
YOR202W,add1,4/26/12,1,11,142.6977
YOR202W,10,12/10/11,16,6,142.6957
YOR202W,S2,12/11/11,16,21,142.6840
YOR202W,7,11/30/11,3,1,142.5742
YOR202W,TS2-37,12/01/11,16,2,142.5571
YOR202W,9,12/09/11,1,9,142.5497
YOR202W,add4,4/26/12,1,12,142.5494
YOR202W,5,11/30/11,1,14,142.5438
YOR202W,S2,12/11/11,16,15,142.5349
YOR202W,S1,11/19/11,11,7,142.4712
YOR202W,S2,12/11/11,16,19,142.3878
YOR202W,10,12/10/11,16,5,142.3263
YOR202W,5,11/30/11,16,14,142.1929
YOR202W,add4,4/26/12,1,11,142.1838
YOR202W,S2,12/11/11,5,23,141.9586
YOR202W,TS3-RT,12/02/11,16,3,141.9190
YOR202W,TS4-37,12/02/11,16,22,141.8340
YOR202W,10,12/10/11,1,4,141.6776
YOR202W,TS2-RT,12/01/11,1,18,141.5864
YOR202W,3,11/19/11,1,21,141.5285
YOR202W,add1,4/26/12,16,6,141.4170
YOR202W,add1,4/26/12,9,1,141.3687
YOR202W,5,11/30/11,1,19,141.2890
YOR202W,11,12/10/11,1,24,141.2774
YOR202W,TS1-37,12/01/11,16,13,141.2247
YOR202W,TS2-RT,12/01/11,11,24,141.1827
YOR202W,add4,4/26/12,16,10,141.0912
YOR202W,TS4-RT,12/02/11,1,9,141.0599
YOR202W,13,12/11/11,3,1,141.0597
YOR202W,14,12/11/11,1,4,141.0378
YOR202W,S2,12/11/11,14,1,140.9674
YOR202W,TS3-37,12/02/11,1,24,140.9355
YOR202W,1,11/29/11,14,24,140.9307
YOR202W,TS4-37,12/02/11,16,13,140.9231
YOR202W,TS1-RT,12/01/11,1,13,140.8773
YOR202W,TS3-RT,12/02/11,1,16,140.8269
YOR202W,1,11/29/11,12,24,140.8034
YOR202W,TS4-RT,12/02/11,10,1,140.5984
YOR202W,S2,12/11/11,16,12,140.5861
YOR202W,TS1-RT,12/01/11,1,11,140.5723
YOR202W,8,11/30/11,11,24,140.5167
YOR202W,rmkDM,06/19/12,16,9,140.4796
YOR202W,13,12/11/11,16,23,140.4302
YOR202W,5,11/30/11,16,21,140.3388
YOR202W,TS2-RT,12/01/11,16,15,140.2223
YOR202W,add1,4/26/12,16,14,140.2143
YOR202W,14,12/11/11,2,24,140.1800
YOR202W,TS2-RT,12/01/11,1,13,140.1255
YOR202W,S2,12/11/11,1,17,140.0636
YOR202W,3,11/19/11,1,8,140.0180
YOR202W,TS3-37,12/02/11,10,1,139.9794
YOR202W,5,11/30/11,16,8,139.9596
YOR202W,5,11/30/11,1,6,139.9424
YOR202W,1,11/29/11,6,24,139.9420
YOR202W,TS2-37,12/01/11,1,24,139.9217
YOR202W,TS2-RT,12/01/11,1,8,139.9040
YOR202W,TS3-37,12/02/11,2,24,139.8926
YOR202W,4,11/29/11,1,21,139.8657
YOR202W,10,12/10/11,3,1,139.8027
YOR202W,TS3-RT,12/02/11,16,8,139.7681
YOR202W,1,11/29/11,16,17,139.7558
YOR202W,14,12/11/11,7,24,139.7547
YOR202W,TS3-37,12/02/11,16,8,139.6625
YOR202W,add4,4/26/12,1,3,139.6003
YOR202W,9,12/09/11,8,24,139.5986
YOR202W,TS1-RT,12/01/11,1,17,139.5366
YOR202W,TS2-37,12/01/11,10,1,139.4938
YOR202W,add1,4/26/12,1,7,139.4639
YOR202W,TS4-RT,12/02/11,1,23,139.3898
YOR202W,2,11/29/11,16,18,139.3555
YOR202W,10,12/10/11,16,17,139.2738
YOR202W,11,12/10/11,16,6,139.2711
YOR202W,add1,4/26/12,1,8,139.1696
YOR202W,11,12/10/11,5,1,139.0240
YOR202W,5,11/30/11,5,24,139.0211
YOR202W,TS3-RT,12/02/11,16,1,139.0063
YOR202W,10,12/10/11,11,1,138.8653
YOR202W,TS2-RT,12/01/11,7,24,138.8560
YOR202W,TS2-37,12/01/11,16,18,138.8307
YOR202W,S2,12/11/11,7,24,138.8271
YOR202W,TS1-37,12/01/11,4,1,138.8112
YOR202W,8,11/30/11,16,5,138.8016
YOR202W,S2,12/11/11,1,13,138.7317
YOR202W,TS3-37,12/02/11,5,24,138.7146
YOR202W,10,12/10/11,1,3,138.6712
YOR202W,TS3-RT,12/02/11,1,19,138.6373
YOR202W,TS4-RT,12/02/11,1,14,138.5147
YOR202W,1,11/29/11,1,16,138.4906
YOR202W,S1,11/19/11,2,1,138.4772
YOR202W,TS2-37,12/01/11,16,1,138.4461
YOR202W,TS2-37,12/01/11,5,1,138.3132
YOR202W,TS2-RT,12/01/11,16,21,138.2556
YOR202W,14,12/11/11,6,24,138.1197
YOR202W,S2,12/11/11,9,14,138.0627
YOR202W,3,11/19/11,1,18,138.0420
YOR202W,TS2-RT,12/01/11,16,20,138.0325
YOR202W,add1,4/26/12,1,2,138.0047
YOR202W,S1,11/19/11,16,15,137.9915
YOR202W,S1,11/19/11,6,24,137.9914
YOR202W,S2,12/11/11,13,17,137.9804
YOR202W,4,11/29/11,16,13,137.9470
YOR202W,S2,12/11/11,16,17,137.9443
YOR202W,S1,11/19/11,16,12,137.9366
YOR202W,S2,12/11/11,3,13,137.7966
YOR202W,TS4-37,12/02/11,8,1,137.7791
YOR202W,TS2-RT,12/01/11,1,1,137.7750
YOR202W,S1,11/19/11,4,1,137.7517
YOR202W,6,11/30/11,1,13,137.7453
YOR202W,6,11/30/11,9,1,137.7364
YOR202W,TS4-37,12/02/11,10,1,137.5861
YOR202W,8,11/30/11,15,1,137.5811
YOR202W,1,11/29/11,1,5,137.5647
YOR202W,2,11/29/11,1,23,137.5374
YOR202W,3,11/19/11,1,10,137.4183
YOR202W,TS1-37,12/01/11,16,11,137.4155
YOR202W,2,11/29/11,8,1,137.4029
YOR202W,10,12/10/11,1,1,137.4002
YOR202W,8,11/30/11,5,24,137.2969
YOR202W,7,11/30/11,1,20,137.2206
YOR202W,TS2-37,12/01/11,12,24,137.2126
YOR202W,13,12/11/11,1,5,137.1896
YOR202W,6,11/30/11,1,23,137.1094
YOR202W,7,11/30/11,8,24,137.0969
YOR202W,TS4-RT,12/02/11,7,24,137.0369
YOR202W,3,11/19/11,16,3,136.8498
YOR202W,TS2-RT,12/01/11,1,16,136.8481
YOR202W,TS3-RT,12/02/11,7,1,136.8296
YOR202W,8,11/30/11,16,7,136.6929
YOR202W,12,12/09/11,1,14,136.6923
YOR202W,TS2-37,12/01/11,1,7,136.6521
YOR202W,10,12/10/11,1,16,136.6155
YOR202W,13,12/11/11,7,1,136.5644
YOR202W,S2,12/11/11,11,24,136.5418
YOR202W,TS2-37,12/01/11,8,24,136.4867
YOR202W,13,12/11/11,1,12,136.3609
YOR202W,9,12/09/11,5,1,136.3473
YOR202W,TS2-37,12/01/11,16,8,136.3182
YOR202W,TS4-RT,12/02/11,16,18,136.2472
YOR202W,TS3-37,12/02/11,16,11,136.2068
YOR202W,add4,4/26/12,15,1,135.9923
YOR202W,2,11/29/11,16,15,135.9677
YOR202W,TS2-37,12/01/11,16,11,135.9612
YOR202W,TS3-RT,12/02/11,16,10,135.8410
YOR202W,4,11/29/11,16,6,135.8211
YOR202W,TS2-RT,12/01/11,16,19,135.8211
YOR202W,2,11/29/11,1,10,135.8154
YOR202W,8,11/30/11,6,1,135.8095
YOR202W,TS4-RT,12/02/11,1,6,135.8091
YOR202W,5,11/30/11,3,1,135.6994
YOR202W,TS3-RT,12/02/11,12,1,135.6870
YOR202W,TS2-RT,12/01/11,1,9,135.6756
YOR202W,4,11/29/11,12,1,135.6696
YOR202W,5,11/30/11,1,24,135.5610
YOR202W,S2,12/11/11,4,13,135.4426
YOR202W,add1,4/26/12,16,13,135.4399
YOR202W,add4,4/26/12,1,15,135.4360
YOR202W,S2,12/11/11,4,23,135.2650
YOR202W,S1,11/19/11,2,19,135.2568
YOR202W,7,11/30/11,11,24,135.0875
YOR202W,TS2-RT,12/01/11,1,19,135.0075
YOR202W,4,11/29/11,16,14,134.9669
YOR202W,3,11/19/11,3,1,134.9662
YOR202W,TS4-RT,12/02/11,1,13,134.8661
YOR202W,TS4-RT,12/02/11,10,24,134.8029
YOR202W,S2,12/11/11,1,20,134.7932
YOR202W,7,11/30/11,1,10,134.7713
YOR202W,S2,12/11/11,13,14,134.6528
YOR202W,11,12/10/11,16,15,134.6437
YOR202W,TS3-37,12/02/11,1,19,134.6435
YOR202W,12,12/09/11,12,24,134.6098
YOR202W,11,12/10/11,1,11,134.5673
YOR202W,1,11/29/11,1,24,134.5655
YOR202W,3,11/19/11,13,24,134.5234
YOR202W,add1,4/26/12,1,17,134.5217
YOR202W,6,11/30/11,5,1,134.4399
YOR202W,TS3-RT,12/02/11,1,21,134.4178
YOR202W,13,12/11/11,5,1,134.3482
YOR202W,TS3-37,12/02/11,1,16,134.3044
YOR202W,TS3-37,12/02/11,16,19,134.2536
YOR202W,TS2-37,12/01/11,2,24,134.2512
YOR202W,5,11/30/11,6,24,134.1899
YOR202W,10,12/10/11,1,9,134.1654
YOR202W,2,11/29/11,16,1,134.1506
YOR202W,4,11/29/11,16,19,134.1326
YOR202W,S2,12/11/11,8,1,134.0783
YOR202W,add4,4/26/12,2,1,134.0684
YOR202W,TS4-RT,12/02/11,1,1,134.0397
YOR202W,S2,12/11/11,8,24,133.9932
YOR202W,S2,12/11/11,15,10,133.9875
YOR202W,11,12/10/11,16,5,133.8841
YOR202W,TS1-37,12/01/11,16,3,133.8387
YOR202W,TS3-RT,12/02/11,2,1,133.7677
YOR202W,14,12/11/11,9,1,133.6722
YOR202W,2,11/29/11,6,1,133.6496
YOR202W,12,12/09/11,16,21,133.6438
YOR202W,S1,11/19/11,16,17,133.5919
YOR202W,12,12/09/11,16,8,133.5886
YOR202W,TS2-37,12/01/11,6,24,133.5709
YOR202W,TS3-37,12/02/11,1,17,133.5658
YOR202W,TS2-37,12/01/11,11,24,133.5590
YOR202W,13,12/11/11,1,22,133.5125
YOR202W,14,12/11/11,1,15,133.4960
YOR202W,add4,4/26/12,1,13,133.4449
YOR202W,8,11/30/11,16,19,133.4264
YOR202W,2,11/29/11,16,16,133.4066
YOR202W,9,12/09/11,4,1,133.3985
YOR202W,2,11/29/11,1,14,133.3852
YOR202W,TS4-37,12/02/11,1,2,133.3703
YOR202W,5,11/30/11,1,5,133.2857
YOR202W,S2,12/11/11,6,19,133.2137
YOR202W,TS3-RT,12/02/11,16,5,133.1975
YOR202W,12,12/09/11,16,3,133.0555
YOR202W,TS4-37,12/02/11,12,1,132.9710
YOR202W,TS2-RT,12/01/11,1,11,132.9609
YOR202W,7,11/30/11,15,1,132.9512
YOR202W,14,12/11/11,1,18,132.9468
YOR202W,TS1-RT,12/01/11,12,24,132.9467
YOR202W,8,11/30/11,1,5,132.8395
YOR202W,4,11/29/11,16,4,132.8107
YOR202W,TS1-37,12/01/11,16,14,132.7092
YOR202W,TS2-RT,12/01/11,16,5,132.5984
YOR202W,TS2-RT,12/01/11,1,17,132.5824
YOR202W,add4,4/26/12,1,21,132.5742
YOR202W,1,11/29/11,1,19,132.5275
YOR202W,TS1-RT,12/01/11,16,8,132.4982
YOR202W,rmkDM,06/18/12,13,24,132.4945
YOR202W,S1,11/19/11,16,11,132.3502
YOR202W,13,12/11/11,1,6,132.2360
YOR202W,TS3-37,12/02/11,1,21,132.1976
YOR202W,add4,4/26/12,6,24,132.1439
YOR202W,11,12/10/11,3,1,132.1064
YOR202W,8,11/30/11,1,3,132.0193
YOR202W,TS2-RT,12/01/11,16,11,131.9786
YOR202W,S1,11/19/11,16,14,131.9327
YOR202W,S2,12/11/11,3,10,131.8936
YOR202W,S1,11/19/11,1,4,131.8203
YOR202W,9,12/09/11,16,9,131.8012
YOR202W,4,11/29/11,16,3,131.7953
YOR202W,2,11/29/11,12,24,131.7807
YOR202W,5,11/30/11,16,16,131.7744
YOR202W,TS2-RT,12/01/11,16,9,131.7628
YOR202W,TS3-37,12/02/11,16,17,131.6877
YOR202W,9,12/09/11,16,14,131.5992
YOR202W,TS2-37,12/01/11,16,21,131.5429
YOR202W,S2,12/11/11,16,7,131.5353
YOR202W,add1,4/26/12,16,9,131.5081
YOR202W,14,12/11/11,1,9,131.4963
YOR202W,4,11/29/11,1,24,131.4962
YOR202W,S2,12/11/11,1,10,131.4857
YOR202W,TS2-37,12/01/11,16,3,131.4601
YOR202W,TS1-RT,12/01/11,16,22,131.4379
YOR202W,8,11/30/11,1,11,131.4174
YOR202W,S2,12/11/11,14,5,131.3488
YOR202W,TS1-RT,12/01/11,15,24,131.2817
YOR202W,11,12/10/11,3,24,131.2713
YOR202W,3,11/19/11,2,1,131.2487
YOR202W,TS1-37,12/01/11,1,1,131.2373
YOR202W,4,11/29/11,16,16,131.2283
YOR202W,TS1-RT,12/01/11,3,24,131.2236
YOR202W,3,11/19/11,16,20,131.2052
YOR202W,TS4-37,12/02/11,2,24,131.1980
YOR202W,7,11/30/11,1,19,131.1929
YOR202W,9,12/09/11,16,23,131.1762
YOR202W,TS1-37,12/01/11,10,1,131.1162
YOR202W,TS1-37,12/01/11,5,24,131.1149
YOR202W,13,12/11/11,15,24,131.1016
YOR202W,14,12/11/11,16,3,131.0278
YOR202W,11,12/10/11,15,24,130.9670
YOR202W,add1,4/26/12,1,5,130.9650
YOR202W,TS2-37,12/01/11,6,1,130.9633
YOR202W,S2,12/11/11,5,24,130.9128
YOR202W,13,12/11/11,2,24,130.9083
YOR202W,S2,12/11/11,5,21,130.8752
YOR202W,7,11/30/11,1,13,130.8704
YOR202W,S2,12/11/11,13,1,130.8188
YOR202W,12,12/09/11,5,24,130.8135
YOR202W,14,12/11/11,1,14,130.8042
YOR202W,14,12/11/11,11,24,130.7887
YOR202W,2,11/29/11,16,3,130.6999
YOR202W,3,11/19/11,16,21,130.6983
YOR202W,TS3-RT,12/02/11,1,10,130.6927
YOR202W,TS2-RT,12/01/11,1,12,130.6852
YOR202W,TS1-RT,12/01/11,7,24,130.5811
YOR202W,TS2-37,12/01/11,16,13,130.5595
YOR202W,11,12/10/11,1,12,130.5587
YOR202W,2,11/29/11,7,24,130.5260
YOR202W,7,11/30/11,11,1,130.5223
YOR202W,5,11/30/11,1,2,130.4499
YOR202W,S1,11/19/11,2,15,130.4098
YOR202W,3,11/19/11,1,5,130.3611
YOR202W,9,12/09/11,1,20,130.3547
YOR202W,13,12/11/11,13,1,130.3453
YOR202W,TS3-37,12/02/11,3,1,130.2909
YOR202W,TS4-37,12/02/11,1,17,130.2730
YOR202W,add4,4/26/12,16,3,130.1916
YOR202W,S2,12/11/11,3,19,130.1777
YOR202W,TS2-37,12/01/11,14,1,130.1327
YOR202W,TS2-37,12/01/11,12,1,130.1311
YOR202W,TS1-RT,12/01/11,16,13,130.0933
YOR202W,1,11/29/11,16,12,130.0777
YOR202W,TS4-RT,12/02/11,16,2,130.0720
YOR202W,10,12/10/11,10,1,130.0558
YOR202W,TS3-37,12/02/11,15,1,130.0190
YOR202W,6,11/30/11,1,5,129.9105
YOR202W,TS4-37,12/02/11,1,14,129.7669
YOR202W,S2,12/11/11,16,22,129.7296
YOR202W,TS1-37,12/01/11,1,7,129.7206
YOR202W,TS4-RT,12/02/11,1,20,129.7000
YOR202W,4,11/29/11,1,2,129.6689
YOR202W,11,12/10/11,1,16,129.6604
YOR202W,8,11/30/11,3,1,129.6571
YOR202W,TS2-37,12/01/11,14,24,129.6466
YOR202W,4,11/29/11,8,24,129.5967
YOR202W,9,12/09/11,9,24,129.5941
YOR202W,TS3-RT,12/02/11,16,18,129.5455
YOR202W,TS4-37,12/02/11,16,4,129.5003
YOR202W,TS4-RT,12/02/11,1,22,129.4367
YOR202W,5,11/30/11,9,24,129.4107
YOR202W,3,11/19/11,7,24,129.3790
YOR202W,TS1-RT,12/01/11,1,16,129.3332
YOR202W,S2,12/11/11,16,23,129.2501
YOR202W,TS2-37,12/01/11,16,24,129.2435
YOR202W,S2,12/11/11,1,18,129.2280
YOR202W,10,12/10/11,1,2,129.1088
YOR202W,TS3-37,12/02/11,1,10,129.0653
YOR202W,10,12/10/11,16,21,129.0229
YOR202W,6,11/30/11,1,8,128.9698
YOR202W,rmkDM,06/19/12,16,17,128.9185
YOR202W,4,11/29/11,1,14,128.9090
YOR202W,1,11/29/11,16,11,128.8636
YOR202W,9,12/09/11,16,12,128.8545
YOR202W,TS2-37,12/01/11,10,24,128.8533
YOR202W,TS3-RT,12/02/11,14,1,128.7959
YOR202W,14,12/11/11,3,1,128.6721
YOR202W,S2,12/11/11,4,20,128.6445
YOR202W,7,11/30/11,13,1,128.6165
YOR202W,11,12/10/11,16,11,128.6078
YOR202W,TS1-RT,12/01/11,10,24,128.5747
YOR202W,S2,12/11/11,9,23,128.5736
YOR202W,TS2-37,12/01/11,16,6,128.5504
YOR202W,4,11/29/11,16,21,128.4962
YOR202W,add4,4/26/12,16,21,128.4342
YOR202W,TS2-37,12/01/11,16,4,128.4238
YOR202W,S2,12/11/11,13,24,128.3976
YOR202W,TS3-37,12/02/11,1,11,128.3791
YOR202W,8,11/30/11,13,1,128.3420
YOR202W,13,12/11/11,1,1,128.3121
YOR202W,TS1-37,12/01/11,16,9,128.2518
YOR202W,TS3-RT,12/02/11,1,14,128.2233
YOR202W,TS3-RT,12/02/11,16,20,128.2034
YOR202W,TS3-37,12/02/11,16,13,128.1941
YOR202W,TS2-RT,12/01/11,6,24,128.1534
YOR202W,TS1-RT,12/01/11,16,4,128.1530
YOR202W,TS4-RT,12/02/11,16,11,128.1166
YOR202W,S1,11/19/11,16,13,128.0839
YOR202W,TS3-37,12/02/11,16,15,128.0063
YOR202W,4,11/29/11,16,11,127.9961
YOR202W,TS4-RT,12/02/11,4,1,127.9442
YOR202W,14,12/11/11,9,24,127.9258
YOR202W,TS4-RT,12/02/11,8,1,127.9185
YOR202W,3,11/19/11,16,5,127.9043
YOR202W,S2,12/11/11,16,10,127.8003
YOR202W,rmkDM,06/19/12,16,22,127.7768
YOR202W,S2,12/11/11,2,5,127.6268
YOR202W,TS1-RT,12/01/11,5,24,127.6163
YOR202W,TS2-RT,12/01/11,1,15,127.6139
YOR202W,TS2-37,12/01/11,4,1,127.6132
YOR202W,S2,12/11/11,12,12,127.5506
YOR202W,12,12/09/11,16,15,127.4975
YOR202W,add4,4/26/12,16,14,127.4881
YOR202W,S2,12/11/11,16,11,127.4850
YOR202W,TS1-RT,12/01/11,1,20,127.4669
YOR202W,TS4-37,12/02/11,1,11,127.4564
YOR202W,3,11/19/11,16,12,127.4478
YOR202W,11,12/10/11,16,10,127.3775
YOR202W,13,12/11/11,13,24,127.3240
YOR202W,S1,11/19/11,16,3,127.2478
YOR202W,TS3-37,12/02/11,16,4,127.1740
YOR202W,S2,12/11/11,9,24,127.1333
YOR202W,11,12/10/11,1,4,127.0929
YOR202W,TS1-37,12/01/11,8,1,127.0740
YOR202W,TS3-RT,12/02/11,3,24,127.0528
YOR202W,10,12/10/11,16,8,127.0415
YOR202W,13,12/11/11,4,24,127.0399
YOR202W,1,11/29/11,1,22,127.0103
YOR202W,TS3-RT,12/02/11,6,1,127.0024
YOR202W,4,11/29/11,10,24,126.9997
YOR202W,TS1-RT,12/01/11,9,24,126.9858
YOR202W,TS3-37,12/02/11,1,1,126.9505
YOR202W,TS4-37,12/02/11,5,1,126.9039
YOR202W,S2,12/11/11,10,24,126.8843
YOR202W,2,11/29/11,16,17,126.8781
YOR202W,3,11/19/11,16,4,126.8499
YOR202W,10,12/10/11,10,24,126.8080
YOR202W,2,11/29/11,16,19,126.7560
YOR202W,6,11/30/11,1,4,126.7517
YOR202W,TS3-RT,12/02/11,12,24,126.7310
YOR202W,4,11/29/11,1,11,126.7053
YOR202W,S1,11/19/11,16,7,126.6166
YOR202W,8,11/30/11,9,24,126.6150
YOR202W,1,11/29/11,8,1,126.6130
YOR202W,TS4-37,12/02/11,2,1,126.5069
YOR202W,TS3-RT,12/02/11,11,24,126.5063
YOR202W,3,11/19/11,1,9,126.4593
YOR202W,S2,12/11/11,16,9,126.3697
YOR202W,2,11/29/11,3,1,126.3691
YOR202W,5,11/30/11,7,24,126.3328
YOR202W,TS3-RT,12/02/11,16,6,126.3030
YOR202W,TS3-RT,12/02/11,14,24,126.2919
YOR202W,TS4-37,12/02/11,16,9,126.2862
YOR202W,9,12/09/11,1,6,126.2729
YOR202W,3,11/19/11,11,1,126.2634
YOR202W,8,11/30/11,16,22,126.2560
YOR202W,S2,12/11/11,13,3,126.2517
YOR202W,10,12/10/11,16,14,126.2514
YOR202W,6,11/30/11,1,17,126.2316
YOR202W,TS3-37,12/02/11,1,9,126.2302
YOR202W,TS4-RT,12/02/11,1,16,126.1859
YOR202W,5,11/30/11,16,18,126.1565
YOR202W,6,11/30/11,7,1,126.1513
YOR202W,13,12/11/11,1,8,126.1045
YOR202W,13,12/11/11,1,7,126.1007
YOR202W,3,11/19/11,1,4,126.1000
YOR202W,13,12/11/11,2,1,126.0861
YOR202W,3,11/19/11,1,15,126.0308
YOR202W,TS3-RT,12/02/11,1,23,126.0286
YOR202W,13,12/11/11,1,3,126.0106
YOR202W,TS1-RT,12/01/11,4,24,126.0002
YOR202W,4,11/29/11,11,1,125.9926
YOR202W,1,11/29/11,16,7,125.9805
YOR202W,9,12/09/11,2,24,125.9536
YOR202W,14,12/11/11,3,24,125.9195
YOR202W,2,11/29/11,16,22,125.9067
YOR202W,8,11/30/11,8,1,125.8902
YOR202W,TS4-37,12/02/11,1,21,125.8792
YOR202W,11,12/10/11,14,24,125.7747
YOR202W,TS2-RT,12/01/11,1,23,125.7627
YOR202W,3,11/19/11,1,16,125.7327
YOR202W,TS1-37,12/01/11,9,24,125.7321
YOR202W,8,11/30/11,13,24,125.6992
YOR202W,4,11/29/11,1,22,125.6913
YOR202W,TS2-RT,12/01/11,5,24,125.6614
YOR202W,add1,4/26/12,1,21,125.6464
YOR202W,3,11/19/11,16,9,125.5715
YOR202W,TS3-37,12/02/11,16,7,125.5245
YOR202W,9,12/09/11,16,24,125.5048
YOR202W,14,12/11/11,1,24,125.5026
YOR202W,S2,12/11/11,15,1,125.4914
YOR202W,8,11/30/11,15,24,125.4446
YOR202W,TS2-RT,12/01/11,1,3,125.4321
YOR202W,5,11/30/11,15,1,125.4178
YOR202W,6,11/30/11,1,10,125.3752
YOR202W,10,12/10/11,16,16,125.2894
YOR202W,14,12/11/11,15,1,125.2239
YOR202W,9,12/09/11,1,14,125.1506
YOR202W,10,12/10/11,16,1,125.1213
YOR202W,TS3-37,12/02/11,16,3,125.1016
YOR202W,TS4-RT,12/02/11,1,15,125.0599
YOR202W,TS4-RT,12/02/11,1,7,125.0494
YOR202W,2,11/29/11,16,6,125.0457
YOR202W,11,12/10/11,4,1,125.0154
YOR202W,11,12/10/11,1,7,124.9736
YOR202W,TS3-37,12/02/11,11,24,124.9583
YOR202W,10,12/10/11,16,19,124.9377
YOR202W,11,12/10/11,10,24,124.8740
YOR202W,10,12/10/11,16,9,124.8689
YOR202W,TS2-RT,12/01/11,3,24,124.8566
YOR202W,TS1-RT,12/01/11,8,24,124.8562
YOR202W,add4,4/26/12,16,20,124.8073
YOR202W,TS3-RT,12/02/11,1,2,124.7741
YOR202W,10,12/10/11,14,1,124.7337
YOR202W,TS4-37,12/02/11,3,1,124.7071
YOR202W,TS3-37,12/02/11,1,20,124.6542
YOR202W,14,12/11/11,5,1,124.5844
YOR202W,TS1-RT,12/01/11,6,24,124.5549
YOR202W,3,11/19/11,16,11,124.5477
YOR202W,14,12/11/11,16,11,124.5327
YOR202W,S2,12/11/11,2,24,124.5073
YOR202W,4,11/29/11,14,1,124.5065
YOR202W,8,11/30/11,1,8,124.4520
YOR202W,3,11/19/11,1,7,124.3759
YOR202W,2,11/29/11,16,20,124.3511
YOR202W,S2,12/11/11,1,16,124.3132
YOR202W,TS3-37,12/02/11,1,15,124.2840
YOR202W,add4,4/26/12,12,24,124.2524
YOR202W,8,11/30/11,4,1,124.2390
YOR202W,add4,4/26/12,1,20,124.1894
YOR202W,11,12/10/11,16,7,124.1452
YOR202W,rmkDM,06/19/12,16,18,124.0648
YOR202W,add4,4/26/12,4,24,124.0457
YOR202W,TS4-37,12/02/11,4,1,124.0309
YOR202W,S2,12/11/11,3,4,124.0231
YOR202W,4,11/29/11,16,24,124.0185
YOR202W,TS1-37,12/01/11,11,1,124.0084
YOR202W,14,12/11/11,10,24,124.0008
YOR202W,7,11/30/11,1,21,123.9924
YOR202W,11,12/10/11,16,16,123.9777
YOR202W,11,12/10/11,16,1,123.9773
YOR202W,12,12/09/11,5,1,123.8749
YOR202W,7,11/30/11,1,4,123.8262
YOR202W,8,11/30/11,1,18,123.7836
YOR202W,11,12/10/11,1,14,123.7679
YOR202W,10,12/10/11,1,8,123.7623
YOR202W,TS3-RT,12/02/11,8,1,123.7481
YOR202W,rmkDM,06/19/12,16,23,123.7370
YOR202W,5,11/30/11,1,4,123.7174
YOR202W,TS3-37,12/02/11,15,24,123.6798
YOR202W,5,11/30/11,1,17,123.6672
YOR202W,TS2-RT,12/01/11,1,21,123.6294
YOR202W,8,11/30/11,16,23,123.6116
YOR202W,TS3-RT,12/02/11,16,16,123.5976
YOR202W,TS2-RT,12/01/11,16,17,123.5934
YOR202W,add4,4/26/12,16,12,123.5411
YOR202W,6,11/30/11,1,7,123.5082
YOR202W,1,11/29/11,16,19,123.4978
YOR202W,9,12/09/11,1,22,123.4077
YOR202W,8,11/30/11,1,12,123.3965
YOR202W,5,11/30/11,16,20,123.3366
YOR202W,11,12/10/11,11,24,123.3324
YOR202W,13,12/11/11,1,20,123.3137
YOR202W,13,12/11/11,1,14,123.3062
YOR202W,1,11/29/11,1,8,123.2859
YOR202W,14,12/11/11,7,1,123.2822
YOR202W,11,12/10/11,1,3,123.2640
YOR202W,1,11/29/11,3,1,123.2211
YOR202W,4,11/29/11,10,1,123.1353
YOR202W,rmkDM,06/19/12,4,24,123.1233
YOR202W,3,11/19/11,1,20,123.1159
YOR202W,3,11/19/11,16,14,123.1126
YOR202W,2,11/29/11,1,24,123.0714
YOR202W,rmkDM,06/19/12,16,15,123.0459
YOR202W,TS2-37,12/01/11,8,1,123.0384
YOR202W,TS3-37,12/02/11,5,1,123.0352
YOR202W,4,11/29/11,16,9,123.0350
YOR202W,14,12/11/11,11,1,123.0157
YOR202W,TS3-RT,12/02/11,16,7,122.9663
YOR202W,TS1-RT,12/01/11,16,24,122.8968
YOR202W,TS4-37,12/02/11,7,24,122.8738
YOR202W,8,11/30/11,1,16,122.8678
YOR202W,14,12/11/11,15,24,122.8613
YOR202W,9,12/09/11,16,8,122.7932
YOR202W,13,12/11/11,3,20,122.7751
YOR202W,TS4-RT,12/02/11,1,17,122.6880
YOR202W,TS1-RT,12/01/11,16,21,122.6539
YOR202W,9,12/09/11,16,15,122.6372
YOR202W,5,11/30/11,8,24,122.5887
YOR202W,5,11/30/11,13,1,122.5814
YOR202W,11,12/10/11,16,14,122.5741
YOR202W,9,12/09/11,12,24,122.5595
YOR202W,14,12/11/11,12,1,122.5486
YOR202W,10,12/10/11,1,11,122.5187
YOR202W,TS1-37,12/01/11,16,23,122.4769
YOR202W,TS3-37,12/02/11,13,1,122.4153
YOR202W,TS3-RT,12/02/11,10,24,122.4138
YOR202W,S2,12/11/11,3,7,122.4038
YOR202W,10,12/10/11,16,12,122.4019
YOR202W,7,11/30/11,1,15,122.3547
YOR202W,3,11/19/11,9,24,122.3032
YOR202W,8,11/30/11,7,1,122.3022
YOR202W,6,11/30/11,3,1,122.3006
YOR202W,S2,12/11/11,5,1,122.2754
YOR202W,TS2-37,12/01/11,1,14,122.2612
YOR202W,9,12/09/11,6,24,122.2455
YOR202W,5,11/30/11,16,17,122.2194
YOR202W,S2,12/11/11,2,11,122.2053
YOR202W,5,11/30/11,2,24,122.1324
YOR202W,TS3-RT,12/02/11,16,14,122.1088
YOR202W,4,11/29/11,16,8,122.1079
YOR202W,2,11/29/11,1,19,122.0662
YOR202W,12,12/09/11,4,1,122.0467
YOR202W,TS3-37,12/02/11,1,4,121.9923
YOR202W,TS4-37,12/02/11,6,24,121.9898
YOR202W,10,12/10/11,16,22,121.9587
YOR202W,4,11/29/11,9,24,121.9451
YOR202W,6,11/30/11,1,11,121.9244
YOR202W,9,12/09/11,4,24,121.9235
YOR202W,12,12/09/11,15,24,121.9152
YOR202W,add1,4/26/12,1,4,121.9138
YOR202W,6,11/30/11,1,18,121.9040
YOR202W,TS3-RT,12/02/11,10,1,121.9010
YOR202W,11,12/10/11,16,3,121.8768
YOR202W,TS4-37,12/02/11,10,24,121.8581
YOR202W,1,11/29/11,1,4,121.8414
YOR202W,11,12/10/11,16,18,121.8405
YOR202W,TS3-37,12/02/11,1,23,121.7386
YOR202W,3,11/19/11,9,1,121.7337
YOR202W,2,11/29/11,6,24,121.7030
YOR202W,2,11/29/11,3,24,121.6625
YOR202W,11,12/10/11,16,2,121.6475
YOR202W,TS1-RT,12/01/11,11,24,121.6397
YOR202W,14,12/11/11,4,1,121.6298
YOR202W,2,11/29/11,1,22,121.5321
YOR202W,5,11/30/11,1,13,121.5105
YOR202W,TS4-RT,12/02/11,14,24,121.5023
YOR202W,TS3-RT,12/02/11,16,4,121.4556
YOR202W,TS4-37,12/02/11,1,18,121.4270
YOR202W,TS1-RT,12/01/11,1,21,121.4214
YOR202W,S2,12/11/11,1,8,121.4070
YOR202W,12,12/09/11,2,1,121.3841
YOR202W,2,11/29/11,1,2,121.3694
YOR202W,2,11/29/11,9,24,121.3675
YOR202W,TS4-RT,12/02/11,7,1,121.3532
YOR202W,5,11/30/11,11,1,121.3187
YOR202W,5,11/30/11,9,1,121.2838
YOR202W,TS4-37,12/02/11,16,12,121.2734
YOR202W,TS4-37,12/02/11,16,7,121.2508
YOR202W,add1,4/26/12,1,15,121.2220
YOR202W,1,11/29/11,4,1,121.1916
YOR202W,3,11/19/11,10,1,121.1719
YOR202W,3,11/19/11,1,11,121.1476
YOR202W,TS1-RT,12/01/11,13,24,121.1259
YOR202W,9,12/09/11,16,13,121.1177
YOR202W,TS3-RT,12/02/11,1,18,121.1174
YOR202W,8,11/30/11,1,13,121.0942
YOR202W,9,12/09/11,1,17,121.0820
YOR202W,12,12/09/11,3,1,121.0627
YOR202W,11,12/10/11,16,4,121.0546
YOR202W,TS4-RT,12/02/11,16,13,121.0369
YOR202W,TS4-RT,12/02/11,1,5,120.9843
YOR202W,3,11/19/11,1,13,120.9797
YOR202W,7,11/30/11,1,8,120.9612
YOR202W,3,11/19/11,1,12,120.9458
YOR202W,6,11/30/11,13,1,120.9247
YOR202W,TS3-37,12/02/11,1,5,120.9194
YOR202W,1,11/29/11,16,3,120.8873
YOR202W,add1,4/26/12,1,1,120.8383
YOR202W,TS2-RT,12/01/11,1,22,120.7880
YOR202W,12,12/09/11,16,13,120.7416
YOR202W,8,11/30/11,16,1,120.7330
YOR202W,5,11/30/11,7,1,120.7282
YOR202W,1,11/29/11,1,14,120.6656
YOR202W,14,12/11/11,16,17,120.6582
YOR202W,3,11/19/11,1,22,120.6513
YOR202W,11,12/10/11,1,8,120.6440
YOR202W,TS2-RT,12/01/11,16,18,120.6180
YOR202W,8,11/30/11,1,22,120.6076
YOR202W,S2,12/11/11,3,24,120.5703
YOR202W,TS1-RT,12/01/11,16,10,120.5568
YOR202W,4,11/29/11,5,24,120.5203
YOR202W,2,11/29/11,4,1,120.5020
YOR202W,TS1-RT,12/01/11,16,18,120.5007
YOR202W,TS4-37,12/02/11,1,13,120.4627
YOR202W,8,11/30/11,1,15,120.4389
YOR202W,TS4-RT,12/02/11,9,1,120.4183
YOR202W,rmkDM,06/19/12,16,13,120.4094
YOR202W,9,12/09/11,14,24,120.4075
YOR202W,6,11/30/11,1,16,120.3806
YOR202W,TS3-RT,12/02/11,7,24,120.3754
YOR202W,2,11/29/11,8,24,120.3307
YOR202W,10,12/10/11,16,15,120.3298
YOR202W,1,11/29/11,12,1,120.2917
YOR202W,8,11/30/11,1,6,120.2366
YOR202W,4,11/29/11,7,1,120.2159
YOR202W,9,12/09/11,1,18,120.1931
YOR202W,S2,12/11/11,16,14,120.1425
YOR202W,1,11/29/11,10,1,120.1275
YOR202W,14,12/11/11,4,24,120.1016
YOR202W,TS2-RT,12/01/11,16,23,120.0912
YOR202W,TS4-RT,12/02/11,16,4,120.0170
YOR202W,5,11/30/11,12,24,119.9750
YOR202W,4,11/29/11,1,4,119.9718
YOR202W,TS3-RT,12/02/11,13,24,119.9498
YOR202W,7,11/30/11,1,1,119.9453
YOR202W,4,11/29/11,7,24,119.9433
YOR202W,13,12/11/11,11,1,119.9281
YOR202W,10,12/10/11,16,13,119.9175
YOR202W,2,11/29/11,1,16,119.8984
YOR202W,3,11/19/11,14,24,119.8732
YOR202W,3,11/19/11,12,1,119.8505
YOR202W,10,12/10/11,16,10,119.8244
YOR202W,5,11/30/11,5,1,119.8228
YOR202W,14,12/11/11,16,19,119.7808
YOR202W,TS3-37,12/02/11,1,13,119.7503
YOR202W,8,11/30/11,1,7,119.7108
YOR202W,TS1-37,12/01/11,15,24,119.7016
YOR202W,9,12/09/11,16,11,119.6964
YOR202W,10,12/10/11,12,1,119.6887
YOR202W,TS1-37,12/01/11,16,5,119.6560
YOR202W,7,11/30/11,1,2,119.6226
YOR202W,12,12/09/11,8,24,119.6048
YOR202W,3,11/19/11,1,2,119.5380
YOR202W,13,12/11/11,16,15,119.4966
YOR202W,9,12/09/11,7,24,119.4937
YOR202W,3,11/19/11,7,1,119.4381
YOR202W,8,11/30/11,1,9,119.4294
YOR202W,rmkDM,06/19/12,10,24,119.4252
YOR202W,5,11/30/11,1,8,119.2671
YOR202W,TS3-37,12/02/11,1,8,119.2310
YOR202W,1,11/29/11,6,1,119.1761
YOR202W,5,11/30/11,1,7,119.1448
YOR202W,3,11/19/11,1,14,119.1422
YOR202W,rmkDM,06/19/12,16,20,119.0794
YOR202W,5,11/30/11,1,15,119.0610
YOR202W,TS4-RT,12/02/11,16,19,119.0484
YOR202W,13,12/11/11,3,24,119.0274
YOR202W,8,11/30/11,5,1,119.0070
YOR202W,1,11/29/11,16,1,118.9814
YOR202W,TS2-RT,12/01/11,1,2,118.9264
YOR202W,S2,12/11/11,12,1,118.9029
YOR202W,7,11/30/11,1,3,118.8850
YOR202W,2,11/29/11,1,3,118.8680
YOR202W,add1,4/26/12,3,1,118.8672
YOR202W,12,12/09/11,1,13,118.8243
YOR202W,8,11/30/11,9,1,118.8181
YOR202W,11,12/10/11,13,1,118.7735
YOR202W,7,11/30/11,1,5,118.7713
YOR202W,5,11/30/11,1,11,118.7580
YOR202W,8,11/30/11,1,23,118.7282
YOR202W,8,11/30/11,1,24,118.7268
YOR202W,TS3-RT,12/02/11,4,24,118.6891
YOR202W,8,11/30/11,1,17,118.6816
YOR202W,TS4-RT,12/02/11,11,24,118.6765
YOR202W,rmkDM,06/19/12,12,24,118.6179
YOR202W,2,11/29/11,14,1,118.6121
YOR202W,TS2-37,12/01/11,1,4,118.5583
YOR202W,3,11/19/11,16,24,118.5414
YOR202W,rmkDM,06/19/12,6,24,118.4950
YOR202W,5,11/30/11,1,3,118.4749
YOR202W,TS1-37,12/01/11,1,8,118.4596
YOR202W,TS1-37,12/01/11,12,1,118.4505
YOR202W,9,12/09/11,16,10,118.4399
YOR202W,TS4-RT,12/02/11,1,2,118.4278
YOR202W,3,11/19/11,14,1,118.4073
YOR202W,TS4-RT,12/02/11,1,3,118.4033
YOR202W,TS4-RT,12/02/11,11,1,118.3639
YOR202W,9,12/09/11,16,22,118.3192
YOR202W,7,11/30/11,1,11,118.3027
YOR202W,2,11/29/11,11,1,118.3025
YOR202W,6,11/30/11,15,1,118.2895
YOR202W,10,12/10/11,12,24,118.2864
YOR202W,TS1-RT,12/01/11,2,24,118.2188
YOR202W,2,11/29/11,7,1,118.2165
YOR202W,3,11/19/11,16,8,118.1970
YOR202W,3,11/19/11,3,24,118.1709
YOR202W,2,11/29/11,9,1,118.1691
YOR202W,add1,4/26/12,1,22,118.1456
YOR202W,TS3-RT,12/02/11,1,24,118.0831
YOR202W,14,12/11/11,12,24,118.0774
YOR202W,11,12/10/11,14,1,118.0686
YOR202W,TS2-RT,12/01/11,1,20,118.0141
YOR202W,14,12/11/11,13,24,118.0020
YOR202W,4,11/29/11,1,20,117.9782
YOR202W,1,11/29/11,16,9,117.9747
YOR202W,TS1-37,12/01/11,16,15,117.9695
YOR202W,S2,12/11/11,4,24,117.9649
YOR202W,7,11/30/11,16,23,117.9241
YOR202W,2,11/29/11,13,24,117.8474
YOR202W,add1,4/26/12,1,23,117.8224
YOR202W,TS4-RT,12/02/11,2,24,117.8191
YOR202W,14,12/11/11,1,19,117.7877
YOR202W,1,11/29/11,16,15,117.7830
YOR202W,TS4-RT,12/02/11,12,1,117.7795
YOR202W,S2,12/11/11,14,24,117.7595
YOR202W,4,11/29/11,11,24,117.7455
YOR202W,12,12/09/11,1,4,117.7436
YOR202W,TS4-RT,12/02/11,16,7,117.7415
YOR202W,3,11/19/11,8,24,117.7325
YOR202W,7,11/30/11,5,1,117.7324
YOR202W,4,11/29/11,13,24,117.7236
YOR202W,1,11/29/11,7,24,117.6881
YOR202W,TS4-RT,12/02/11,16,23,117.6643
YOR202W,TS4-RT,12/02/11,16,9,117.6500
YOR202W,S2,12/11/11,3,18,117.6410
YOR202W,7,11/30/11,13,24,117.6348
YOR202W,1,11/29/11,1,23,117.6155
YOR202W,14,12/11/11,8,1,117.6097
YOR202W,TS4-RT,12/02/11,13,1,117.5048
YOR202W,12,12/09/11,10,1,117.4825
